Day,Close,High,Low,Open,SMA_3,SMA_10,MA_Diff,Volatility,RSI,Daily_Return,Next_Day_Close,Target,Stock
14,100.9665527,102.2624017,99.30730947,99.53357153,100.96197169999999,101.74404603,-0.7820743300000146,0.9986828762216667,44.861434383399846,0.0074572049856442835,100.8019918,0,1
15,100.8019918,101.5424743,99.2387438,101.3367898,100.66258069999999,101.64051718,-0.977936480000011,0.937221003595991,43.863676334104746,-0.0016298555868194953,100.9665527,1,1
16,100.9665527,101.8715829,99.83525133,100.664873,100.91169906666666,101.7227946,-0.8110955333333436,0.5285471105824256,45.176786774158664,0.0016325163527175501,102.166392,1,1
17,102.166392,102.7080461,100.5962881,101.0762368,101.3116455,101.74679159,-0.4351460900000035,0.7086350110939856,53.68370421191952,0.011883532396763874,101.7481689,0,1
18,101.7481689,102.4543707,100.9939741,101.6521829,101.62703786666667,101.61583557,0.011202296666667166,0.5952724842947814,50.72887373822529,-0.004093548688692161,102.1732585,1,1
19,102.1732585,102.557212,101.1310962,101.1310962,102.02927313333333,101.57469685999999,0.4545762733333447,0.652940566153114,53.52870595808239,0.004177859951639995,101.9607137,0,1
20,101.9607137,103.0371567,101.4739087,102.5572079,101.9607137,101.53561807999999,0.42509562000000756,0.4991666173198561,51.93945815530291,-0.0020802390284929695,101.3162028,0,1
21,101.3162028,102.0841098,100.8088295,101.2682006,101.816725,101.40191955,0.4148054500000029,0.35690812443796677,47.34876758883807,-0.006321168973928093,99.61585487,0,1
22,99.61585487,101.4739267,99.00563913,100.5688873,100.96425712333333,101.193488557,-0.2292314336666692,1.026747478732454,37.845253233215665,-0.01678258642752839,98.1417338,0,1
23,98.1417338,99.005627,96.6881842,98.04573853,99.69126382333333,100.98574217699999,-1.294478353666662,1.720654797625639,31.872532970562816,-0.014798056714202312,97.13385007,0,1
24,97.13385007,98.58053433,95.85171347,98.45712367,98.29714624666667,100.60247191399999,-2.305325667333321,2.0445867364171924,28.554386471925554,-0.01026967520314992,95.31689453,0,1
25,95.31689453,97.12697267,94.7615282,96.26307047,96.86415946666666,100.053962187,-3.189802720333333,2.2974281849673424,23.75346596502827,-0.018705688477195115,95.18665567,0,1
26,95.18665567,97.14071347,94.69299452999999,95.61174613,95.87913342333333,99.475972484,-3.5968390606666674,1.887725287346269,23.4491257753711,-0.0013663774994160383,95.6048686,1,1
27,95.6048686,96.40020013,94.38443747,95.02893373,95.36947293333333,98.819820144,-3.4503472106666777,1.301329885034948,26.696974349361852,0.004393608821071426,93.42456053,0,1
28,93.42456053,96.37278733,93.04746313,95.71457867,94.73869493333332,97.987459307,-3.248764373666674,1.3210592436264983,21.561030933623513,-0.022805408363900104,93.47256467,1,1
29,93.47256467,94.34332327,92.43725847,93.10917953,94.16733126666666,97.11738992400001,-2.9500586573333436,1.063088163010339,21.917202352410428,0.0005138278385006245,92.71150713,0,1
30,92.71150713,93.63025873,92.29326367,92.56066273,93.20287744333332,96.192469267,-2.989591823666686,1.2471229218194628,20.340289132845868,-0.008142041920930154,93.95250447,1,1
31,93.95250447,94.59700087,92.944623,93.28058347,93.37885875666666,95.456099434,-2.077240677333336,1.0849288153003087,29.275971234009518,0.013385580478805892,94.41873167,1,1
32,94.41873167,95.49517467,92.56066013,92.821203,93.69424775666666,94.93638711399998,-1.242139357333329,0.6385409626908228,32.346347985304945,0.004962371174989544,95.37175493,1,1
33,95.37175493,96.0848128,94.06905,94.13761147,94.58099702333334,94.65938922699999,-0.07839220366665245,0.9995801072444702,38.24790924833564,0.010093582524820066,94.76841227,0,1
34,94.76841227,96.6196278,94.44616407,96.6196278,94.85296629,94.42284544699999,0.43012084300001163,1.0013581919085282,36.10087664527187,-0.006326219544170453,94.18559773,0,1
35,94.18559773,94.61069727,93.18457253,93.9593448,94.77525497666666,94.309715767,0.46553920966665885,0.5544016153837716,34.109049771727896,-0.006149881865062046,95.34434,1,1
36,95.34434,95.9888364,94.0827718,95.16607093,94.76611666666668,94.32548419999999,0.44063246666668476,0.5351366229307504,41.07061509753543,0.012302754326853016,94.782135,0,1
37,94.782135,95.34435773,94.41874987,95.3032208,94.77069091,94.24321083999999,0.52748007000001,0.49018176144506964,38.92195220185437,-0.005896574458431503,96.21508787,1,1
38,96.21508787,96.40020393,94.89181447,94.89181447,95.44718762333333,94.522263574,0.9249240493333417,0.7651609300364041,46.59149360376011,0.015118385653583477,96.2425232,1,1
39,96.2425232,97.33267847,95.652876,96.29051627,95.74658202333335,94.799259427,0.9473225963333505,0.8976681646309972,46.72941596130994,0.0002851458186792222,96.8458964,1,1
40,96.8458964,97.1750008,95.32378513,95.940857,96.43450249,95.212698354,1.221804136000003,0.8168112099522852,49.79978333190473,0.006269299473229184,98.03505453,1,1
41,98.03505453,101.2931639,94.80474133,96.840189,97.04115804333333,95.62095336,1.4202046833333242,1.1774752607834393,55.2715212550573,0.012278869567053707,95.2076416,0,1
42,95.2076416,98.56995127,94.2072848,98.2781794,96.69619751,95.699844353,0.9963531570000015,1.0360102839119,43.211385388353705,-0.028840836000501913,96.2496948,1,1
43,96.2496948,96.84018547,93.561236,94.0614098,96.49746364333333,95.78763834,0.7098253033333322,1.033666760976378,47.73750720504872,0.01094505842690685,97.61128747,1,1
44,97.61128747,98.09063033,96.5761968,96.70123793,96.35620795666667,96.07192586,0.28428209666667215,1.120667889878973,53.007778123936596,0.014146462207794919,99.46614587,1,1
45,99.46614587,99.75791787,97.04860893,97.87529787,97.77570938000001,96.59998067400001,1.175728706000001,1.64389192030918,59.06393544894304,0.019002499076452573,100.2094421,1,1
46,100.2094421,101.6891421,99.51475053,100.1816552,99.09562514666668,97.086490884,2.0091342626666773,2.105216644610904,61.220719993281556,0.007472856452802157,101.3834941,1,1
47,101.3834941,101.6891595,98.96595727,99.75791253,100.35302735666666,97.746626794,2.606400562666664,2.0525904080139106,64.41031069470974,0.011715981801678765,100.3483887,0,1
48,100.3483887,102.3143785,99.77180073,101.8003019,100.64710830000001,98.15995687699998,2.4871514230000287,1.4033600134193922,59.74462001323233,-0.010209801991821421,100.4456583,1,1
49,100.4456583,100.8694183,99.25773013,99.34109093,100.72584703333332,98.580270387,2.145576646333325,0.6848522991739919,60.0375674514388,0.0009693190021295983,99.521698,0,1
50,99.521698,100.5845756,98.97983447,100.3483775,100.10524833333334,98.847850547,1.2573977863333425,0.6667210704617587,55.87782776757555,-0.009198608637124184,99.528656,1,1
51,99.528656,100.1469336,98.79228393,99.48002887,99.8320041,98.997210694,0.8347934060000028,0.7719188146431178,55.902606083534366,6.991440198289567e-05,100.9736125,1,1
52,100.9736125,101.3973816,99.827374,99.827374,100.00798883333334,99.573807784,0.4341810493333469,0.629487104535497,60.82301244705541,0.014517994696924275,99.88296507,0,1
53,99.88296507,102.0504105,98.9242882,101.4738132,100.12841119,99.937134811,0.19127637899998717,0.6297427732037624,55.76516923419517,-0.010801311382218848,102.4602559,1,1
54,102.4602559,102.7311877,99.61895953,99.61895953,101.10561115666667,100.42203165400001,0.6835795026666602,1.2594344201263319,63.49123367193951,0.025803106948154797,102.4533081,0,1
55,102.4533081,103.2244138,101.8419773,102.5366689,101.59884302333334,100.720747877,0.8780951463333508,1.3820195576379293,63.45905588841559,-6.780970766639971e-05,99.8551636,0,1
56,99.8551636,101.9809283,98.70196907,101.9809283,101.58957586666668,100.685320027,0.9042558396666749,1.296665351357644,52.702479117304065,-0.025359303161436975,98.78534953,0,1
57,98.78534953,99.32720393,97.7502586,99.13964213,100.36460707666667,100.42550557000001,-0.0608984933333403,1.6747371757958198,49.018081668015355,-0.010713657976521462,99.50779213,1,1
58,99.50779213,100.4456285,98.92424833,99.22991367,99.38276842,100.341445913,-0.9586774929999962,1.7273674325595614,51.4846563265307,0.007313256504504206,100.5220744,1,1
59,100.5220744,100.7999529,99.26467887,99.68843873,99.60507202000001,100.34908752300001,-0.744015503,1.394396770165503,54.7916752263146,0.010192993415780949,100.383138,0,1
60,100.383138,101.3696017,99.7579136,100.9249923,100.13766817666665,100.435231523,-0.297563346333348,0.7033513660537358,54.246207777430904,-0.0013821481582954043,100.0218811,0,1
61,100.0218811,101.1194923,99.57032507,100.6470961,100.30903116666667,100.484554033,-0.17552286633332415,0.7099071944869297,52.7750221389873,-0.0035987807035878783,102.5158386,1,1
14,111.79927201704545,114.2705305944491,111.35695471508274,112.8989576137291,112.52561627012302,108.58863858309628,3.93697768702674,1.8204610135943682,65.35853054885035,-0.009455467039190424,110.67927689985727,0,2
15,110.67927689985727,111.72215573104545,109.54306434139909,111.5923048486191,111.78167539654333,109.30242365056782,2.4792517459755175,1.3759523775917268,58.880820292005694,-0.010017910644511407,112.16851251775546,1,2
16,112.16851251775546,112.72850491232363,110.54535189986727,110.54535189986727,111.5490204782194,110.19232288707356,1.3566975911458456,0.9162176835614789,63.991268901605295,0.013455415138333926,112.15632768110727,0,2
17,112.15632768110727,113.54007595775455,110.86997497777908,111.99807349657,111.66803903290668,110.75677601207353,0.9112630208331467,0.8010026945609864,63.92126843295906,-0.0001086297426495797,112.20097212357909,1,2
18,112.20097212357909,112.67980646340635,111.52330458075818,112.08329694743726,112.17527077414728,111.241692560369,0.9335782137782758,0.6479904569174443,64.07632613604287,0.00039805549445914856,111.33665882457363,0,2
19,111.33665882457363,113.54010166385092,110.23291142596455,113.54010166385092,111.89798620975334,111.4815152254968,0.4164709842565344,0.6804880376397773,58.80694982089045,-0.007703260342998619,108.17552601207363,0,2
20,108.17552601207363,112.36327783064908,107.45321765820091,112.36327783064908,110.57105232007545,111.40603582208773,-0.8349835020122782,1.7335191161363621,44.41930766346824,-0.028392560418763813,104.69384765625,0,2
21,104.69384765625,107.92394087231364,104.21501334836272,107.92394087231364,108.06867749763241,110.89879705255655,-2.8301195549241385,3.25391454177359,34.42833836440384,-0.03218545344013435,103.98780406605091,0,2
22,103.98780406605091,104.81561213873,102.33622997164638,104.47475232221181,105.61905924479152,110.006467507102,-4.387408262310487,3.735286234980176,32.816379145683314,-0.006743888069882575,106.38601962002818,1,2
23,106.38601962002818,107.85904009482,101.7721868163309,102.66086343219546,105.02255711410969,109.35842174183207,-4.335864627722387,2.9547335702148523,42.640326807206165,0.023062469445493505,105.99237615411909,0,2
24,105.99237615411909,108.07813334535273,105.42833186708818,107.45322054215454,105.45539994673273,108.77773215553945,-3.3223322088067277,1.621733605496879,41.56594219881465,-0.003700142813078622,105.60691139914728,0,2
25,105.60691139914728,106.47936042703637,104.33273399097908,104.87648895719363,105.99510239109817,108.27049560546845,-2.2753932143702826,0.9793775751909497,40.49008591086159,-0.003636721516756203,102.40927956321,0,2
26,102.40927956321,105.94371647070365,101.45973437668272,104.70605625470726,104.66952237215878,107.2945723100139,-2.625049937855124,1.6533516739439202,32.8858700374995,-0.030278622805771094,100.25047718394818,0,2
27,100.25047718394818,101.54089210784727,98.77745665497818,101.28118041422,102.75555604876848,106.103987260298,-3.3484312115295154,2.6809936579182465,28.934955222511988,-0.021080144186829797,101.36637739701636,1,2
28,101.36637739701636,102.0967996520791,99.97451522958363,100.23016500025273,101.34204471472485,105.02052778764173,-3.678483072916876,2.5617191878808656,33.38973891928805,0.011131121211728878,98.79366787997091,0,2
29,98.79366787997091,100.62783726514635,97.80353402993092,100.47363503611727,100.13684082031182,103.76622869318146,-3.6293878728696427,2.570269772927431,28.892859976654407,-0.02538030442746375,96.74847966974363,0,2
30,96.74847966974363,97.57223560530547,94.73981854998364,97.57223560530547,98.96950831557696,102.62352405894846,-3.6540157433715024,2.220624885430591,25.90593289709355,-0.02070161230082146,97.81979092684637,1,2
31,97.81979092684637,98.85049408629726,96.41575285264456,97.38964934610546,97.7873128255203,101.93611838600809,-4.148805560487787,1.8485234258368068,29.988830525138184,0.011073158573237762,94.6830166903409,0,2
32,94.6830166903409,96.82152877707091,93.81868169848545,95.38097375964092,96.4170957623103,101.0056396484371,-4.5885438861268,2.4745836183299335,25.549480334556364,-0.03206686711129103,98.10383744673273,1,2
33,98.10383744673273,98.68410947598272,94.99954258342909,95.21866531686818,96.86888168797333,100.17742143110755,-3.3085397431342187,1.60277010018048,36.57614679686913,0.036129190597924854,93.65231045809637,0,2
34,93.65231045809637,99.38612760811908,92.79203726911182,98.91946890720546,95.47972153172333,98.94341486150527,-3.4636933297819468,1.9583857463285042,30.28934507958111,-0.04537566627863454,93.58332963423273,0,2
35,93.58332963423273,94.45984038867455,90.57236847024836,92.6013193768391,95.11315917968727,97.74105668501382,-2.627897505326544,2.230079103427692,30.202712387928926,-0.0007365629692019926,92.88131991299636,0,2
36,92.88131991299636,93.23841728960907,90.52773662635464,91.61931826728272,93.37232000177517,96.78826071999245,-3.4159407182172856,2.0716849194608224,29.28473362209786,-0.00750143988229679,90.815840287642,0,2
37,90.815840287642,93.33173934833545,90.00425994548254,91.95205276666455,92.42682994495703,95.84479703036183,-3.417967085404797,2.6617986795778923,26.712212107671647,-0.022237836706983982,89.56195623224427,0,2
38,89.56195623224427,91.70858236099637,89.127752806096,91.22974795842183,91.08637214429422,94.66435491388464,-3.5779827695904203,1.8242205324215255,25.261446976655805,-0.013806887118219646,91.57465709339455,1,2
39,91.57465709339455,92.21174561914273,89.67961915863445,90.16656731696182,90.6508178710936,93.94245383522698,-3.291635964133391,1.605440225051405,31.676009111208714,0.02247272107289744,93.41694779829545,1,2
40,93.41694779829545,93.92823740700182,90.085406939235,90.25178485178172,91.51785370797809,93.60930064808217,-2.0914469401040776,1.5572153753848392,37.0055322668998,0.02011790994774909,89.29413396661927,0,2
41,89.29413396661927,92.06162116337363,88.71791386107019,91.6274276285509,91.42857961943643,92.75673495205947,-1.3281553326230409,1.670410828793798,31.149693029046375,-0.04413346752216851,87.2327048561789,0,2
42,87.2327048561789,90.78336859916072,86.92024842819373,89.83787558677528,89.98126220703121,92.01170376864327,-2.030441561612065,2.359537879630182,28.70388412396487,-0.023085829033416605,86.63621382279827,0,2
43,86.63621382279827,87.48837330302246,85.29710606816019,86.81475756062144,87.72101754853215,90.86494140624981,-3.1439238577176667,2.869897479577613,28.018346259573278,-0.006837928897929557,87.56950794566754,1,2
44,87.56950794566754,88.45413238916636,85.88954081070891,87.44777090959855,87.1461422082149,90.25666115500692,-3.110518946792027,2.748108448629296,30.803037845381198,0.010772563593074214,89.91904518821019,1,2
45,89.91904518821019,90.5561437188231,87.35445314174373,87.642568142479,88.04158898555868,89.89023271040469,-1.8486437248460135,1.4059318194067605,37.37166531276505,0.02683054064892576,92.78391890092273,1,2
46,92.78391890092273,93.03956867986,90.13410720851346,90.89699468098318,90.09082401160015,89.88049260919732,0.21033140240282933,2.538324696520603,44.313089143922404,0.031860588674135215,91.22569136186,0,2
47,91.22569136186,92.27668393108637,90.17875075011074,92.27668393108637,91.30955181699763,89.92147771661911,1.3880741003785175,2.538962231072727,41.611606054155516,-0.01679415525363448,90.12599875710227,0,2
48,90.12599875710227,92.79610011635454,89.436155452793,91.87089652682545,91.37853633996167,89.97788196910491,1.4006543708567563,1.914070545697366,39.768969522670524,-0.012054637113087407,92.88943758877818,1,2
49,92.88943758877818,93.55899141116637,89.54572043459918,89.5984751413969,91.41370923591347,90.10936001864329,1.304349217270186,1.4124199563654987,46.21443343805203,0.03066194960150881,89.90280983664773,0,2
50,89.90280983664773,92.84478849300363,89.47673016917545,92.35784030160636,90.97274872750938,89.75794622247852,1.2148025050308604,1.416655918895992,41.09587104476287,-0.03215250118481994,87.65879683061073,0,2
51,87.65879683061073,91.32714617476819,87.09475241664109,90.09759989006419,90.15034808534556,89.59441250887765,0.5559355764679026,1.9175343897582684,37.715822710294944,-0.024960432383752562,89.82571688565336,1,2
52,89.82571688565336,90.08541863423665,87.43155485888764,88.78689007734683,89.12910785097061,89.8537137118251,-0.7246058608544814,1.8610034236384485,42.6233436297255,0.02471993836773656,88.60833740234374,0,2
53,88.60833740234374,91.50161312496908,87.93472181878718,90.49119965661991,88.69761703953594,90.05092606977965,-1.3533090302437074,1.9721831891340669,40.68391015850982,-0.013552683190486858,88.5393565784801,0,2
54,88.5393565784801,89.57412155111973,87.358513083307,88.46226040605855,88.9911369554924,90.1479109330609,-1.1567739775685055,0.951058637964163,40.57125970468543,-0.0007784913461407195,87.35850941051136,0,2
55,87.35850941051136,88.66921363548,87.0825701146779,88.38109865320064,88.16873446377839,89.89185735529102,-1.7231228915126309,0.9656035572511569,38.60084746172182,-0.013336974805346014,88.36891867897727,1,2
56,88.36891867897727,88.78688451343127,86.19794138397327,87.65067209735446,88.08892822265625,89.45035733309648,-1.361429110440227,0.8779132951616848,41.230966852205086,0.011566237511194677,89.44426935369319,1,2
57,89.44426935369319,90.35324529965727,87.20430954500927,87.48836267056309,88.39056581439394,89.2722151322798,-0.8816493178858593,0.7447465562871765,43.98128963701713,0.012168878954176288,90.40193869850845,1,2
58,90.40193869850845,92.02509942599,89.80948107018281,89.80948107018281,89.4050422437263,89.29980912642041,0.10523311730588603,1.1522150776899187,46.38759409201995,0.01070688319928359,90.34512051669027,0,2
59,90.34512051669027,90.97409528736546,89.68369045763372,90.49120894235155,90.06377618963063,89.04537741921162,1.0183987704190116,1.3130202594672729,46.260628679251575,-0.0006285062315716239,91.03496204723,1,2
60,91.03496204723,91.22162948673181,90.00425898646463,90.97815538667818,90.59400708747624,89.15859264026986,1.4354144472063837,1.0354106735594726,48.11737350396983,0.007635625771424737,90.96596457741454,0,2
61,90.96596457741454,91.87087848023727,90.11380536889664,91.46102651715636,90.78201571377826,89.48930941495023,1.292706298828037,0.6388538324514076,47.93896448659953,-0.0007579227613634387,94.93460360440272,1,2
14,103.52173233032227,106.2659127987234,102.36346944087492,106.1946404159175,104.99183807373042,102.77510559082025,2.2167324829101744,1.2342012576688899,60.23667796516671,-0.018831297004132774,101.50815811157227,0,3
15,101.50815811157227,104.85820542414996,100.37662980734827,103.7088539228187,103.5128288269043,103.1778245544433,0.33500427246099207,1.803001685087417,51.52082927281276,-0.0194507392160419,100.70627288818356,0,3
16,100.70627288818356,102.46148374074282,99.34309075732885,101.58833071446173,101.91205444335937,103.29899688720698,-1.386942443847616,2.3327549530007134,48.5105021482176,-0.007899712085282062,103.86030349731438,1,3
17,103.86030349731438,104.4127069767495,100.21624188567931,100.7062709809725,102.0249114990234,103.57252418518063,-1.5476126861572226,1.9228851669007605,58.725740677430046,0.03131910772462798,103.9137725830077,1,3
18,103.9137725830077,105.31259445632797,102.2833035289242,104.15433815983764,102.82678298950187,103.60192634582513,-0.7751433563232695,1.4908224262245142,58.8746975337698,0.0005148173449609494,103.85139770507807,0,3
19,103.85139770507807,105.27695427394494,103.20099380827327,103.2722729962281,103.87515792846672,103.58232673645014,0.29283119201657826,1.5425297886271636,58.60896977086409,-0.000600256119849818,104.5285400390625,1,3
20,104.5285400390625,105.82935467557176,103.72666614051349,103.98504810768804,104.09790344238276,103.66251457214351,0.435388870239251,1.5170255334872693,60.683582876973,0.006520300630978637,103.73558120727535,0,3
21,103.73558120727535,105.44624104967335,102.9515304788991,103.67321361294492,104.03850631713864,103.7079540252685,0.33055229187013424,0.31458978916771796,57.07581677345465,-0.0075860509626445305,100.51026992797843,0,3
22,100.51026992797843,103.00498731670248,99.67276319691834,102.99607571813725,102.92479705810543,103.16446243286127,-0.2396653747558446,1.5939007718023288,45.283205139207276,-0.031091658635934993,102.8356910705565,1,3
23,102.8356910705565,103.31681538356946,98.59468143298896,98.8976077795764,102.36051406860342,102.89717193603511,-0.5366578674316855,1.5640934213393332,52.84763208483701,0.023136154586435698,98.98670654296866,0,3
24,98.98670654296866,103.67320784832846,97.4720611662741,103.67320784832846,100.77755584716787,102.44366935729974,-1.666113510131865,2.3093363871365686,42.39937075800638,-0.037428488956689376,95.07534713745102,0,3
25,95.07534713745102,98.00663738025834,93.9794585442858,97.40968949308338,98.96591491699206,101.80038825988761,-2.8344733428955493,3.4377861095353075,34.85747307478333,-0.039513986696989245,96.51871719360342,1,3
26,96.51871719360342,98.70158951498826,95.10207230611944,96.01086490508429,96.86025695800771,101.3816326904296,-4.5213757324218875,3.0952746858016997,39.158348557596575,0.015181328279198603,96.60781631469727,1,3
27,96.60781631469727,98.54121836135089,94.71895866135378,95.51192091638796,96.0672935485839,100.6563839721679,-4.589090423583997,3.0431623591909878,39.42422000212942,0.0009231279039394469,96.40288696289058,0,3
28,96.40288696289058,97.08893721180594,94.44275698967478,96.2692469901018,96.50980682373041,99.90529541015619,-3.3954885864257704,1.4139030799451016,39.00206327545477,-0.002121250222022919,97.01766128540034,1,3
29,97.01766128540034,97.71261635746404,95.44064837552946,95.51192076422406,96.67612152099605,99.22192176818841,-2.5458002471923606,0.7356949790838745,41.04169532676563,0.006377136016127993,98.57685470581045,1,3
30,98.57685470581045,99.69056646522859,95.26244742217297,95.33372660618959,97.33246765136711,98.6267532348632,-1.294285583496091,0.8980111074942994,45.97565036109788,0.01607123280186462,96.65237274169914,0,3
31,96.65237274169914,99.96677351656705,95.85049884553854,98.89761285339121,97.41562957763664,97.91843238830559,-0.5028028106689533,0.8810091781987082,41.37340279458014,-0.019522655392634203,98.20266036987294,1,3
32,98.20266036987294,99.12035787653629,94.99517149697533,95.47629584754367,97.81062927246084,97.68767143249502,0.12295783996582088,0.9649170254249384,46.05780155167629,0.01603983000310727,100.4478950500488,1,3
33,100.4478950500488,101.30322491622252,98.02445703044418,98.02445703044418,98.43430938720697,97.44889183044427,0.9854175567626982,1.4988353919971018,52.03524582937388,0.02286327754990891,98.21155929565428,0,3
34,98.21155929565428,101.39231976046506,97.48096466444586,100.9468350634464,98.95403823852534,97.37137710571282,1.5826611328125182,1.355741209399793,46.50725231782901,-0.02226363980330548,94.94171218872054,0,3
35,94.94171218872054,97.81063520061564,94.3714922258349,97.61462081383158,97.86705551147456,97.35801361083978,0.5090419006347844,2.0475948326316495,39.84240004085139,-0.033293912960797756,97.13347091674795,1,3
36,97.13347091674795,97.6502347465329,94.15763669240171,95.29807631844005,96.76224746704092,97.41948898315422,-0.6572415161133023,1.9972574033946446,45.482134684301016,0.023085308633056245,96.96420593261712,0,3
37,96.96420593261712,97.82844737832755,95.86831052884176,96.5810888009379,96.34646301269521,97.45512794494621,-1.1086649322510027,2.0096485697711053,45.13025433567839,-0.0017426020354601723,98.87087631225582,1,3
38,98.87087631225582,99.43218459228241,96.68799718370461,97.1691214798233,97.65618438720696,97.70192687988273,-0.04574249267577102,1.4976648832693265,49.83809120937516,0.019663651770259305,99.69057312011712,1,3
39,99.69057312011712,100.29643262958726,98.18483254564914,99.17380919783665,98.50855178833001,97.96921806335442,0.5393337249755916,1.8467629893622102,51.75458243818222,0.008290578969610163,98.28283309936523,0,3
40,98.28283309936523,99.07579532769714,97.68588522815915,98.89760416534092,98.94809417724605,97.9398159027099,1.0082782745361527,1.1557186178764296,48.338856253038244,-0.014121094670162093,100.41225814819332,1,3
41,100.41225814819332,100.8577428902838,96.48308625768432,97.09785737698787,99.46188812255855,98.31580444335931,1.1460836791992364,1.3252712852365078,53.35389413721637,0.0216662969684156,96.76819610595702,0,3
42,96.76819610595702,100.41225802910839,96.40289535504823,100.41225802910839,98.48776245117186,98.17235801696772,0.3154044342041402,1.3958050146398369,45.257227892902215,-0.03629100778570493,97.49880065917962,1,3
43,97.49880065917962,98.00665304395967,94.7991639402144,95.93960390620758,98.22641830444331,97.8774485778808,0.34896972656251535,1.509821248161151,46.99401396563098,0.0075500482867596475,97.67697143554673,1,3
44,97.67697143554673,98.89760194268058,96.31378936124335,98.0066325558096,97.31465606689444,97.82398979187005,-0.5093337249756047,1.3865599163050062,47.43201951846944,0.001827415057031656,101.11611785888664,1,3
45,101.11611785888664,101.46359538986634,98.19373924061838,98.37193720365755,98.763963317871,98.44143035888666,0.32253295898433976,1.9358870118520972,55.13806514947417,0.03520938838290322,100.7329971313476,0,3
46,100.7329971313476,101.74870169288081,100.02022569736398,101.61506172232926,99.84202880859367,98.80138298034663,1.0406458282470368,2.0108988585861867,54.18513706771783,-0.0037889184795810715,102.301096343994,1,3
47,102.301096343994,102.99605132118563,99.39653447753754,100.50134132094821,101.38340377807607,99.33507202148431,2.0483317565917645,2.1586829572686925,57.42818481341631,0.015566887289194087,102.79116210937501,1,3
48,102.79116210937501,103.70885968218097,102.17639092863529,102.6486037148319,101.9417518615722,99.72710060119623,2.214651260375973,1.9999546245699078,58.41881002459116,0.004790425351191896,104.5285400390625,1,3
49,104.5285400390625,104.95620838414116,101.96255036126358,102.10510194458455,103.2069328308105,100.21089729309077,2.9960355377197345,1.5053675630944185,61.811501805070634,0.016902016613440374,104.377072906494,0,3
50,104.377072906494,105.66006429804877,104.06523495707297,104.4305288985213,103.89892501831052,100.82032127380366,3.0786037445068644,1.5723914654623112,61.34159541922372,-0.0014490504938832194,101.24975967407227,0,3
51,101.24975967407227,104.5107108636633,100.85773097213928,103.58410189390327,103.38512420654293,100.90407142639154,2.481052780151387,1.3978484355069527,52.47193848732627,-0.029961687421751537,103.54846343994127,1,3
52,103.54846343994127,104.37706524331549,101.4190471448019,101.4190471448019,103.05843200683584,101.58209815978996,1.476333847045879,1.3410375781278103,57.353224578229856,0.022703300958625938,101.43687057495102,0,3
53,101.43687057495102,105.00965997459733,100.79537148301321,104.59090324527372,102.0783645629882,101.97590515136712,0.10245941162108352,1.584008500003004,52.06354065359284,-0.02039231481416426,100.79536514282226,0,3
54,100.79536514282226,101.41013620018548,99.45000625149954,101.30321742573528,101.9268997192382,102.28774452209466,-0.36084480285646237,1.579802673113062,50.538542115203576,-0.006324183982536646,101.3834152221678,1,3
55,101.3834152221678,102.05164231422211,100.32315939422352,101.03593767810426,101.20521697998036,102.31447425842278,-1.1092572784424135,1.0730653690336276,51.928563513580976,0.005834098408317612,102.8356910705565,1,3
56,102.8356910705565,102.99606584156082,100.3409807186151,100.67954665848768,101.67149047851552,102.52474365234366,-0.8532531738281364,1.1450496997303883,55.27171678230372,0.01432458992633312,104.25233688354486,1,3
57,104.25233688354486,104.58199122845616,101.7487081154538,101.7487081154538,102.82381439208973,102.71986770629874,0.1039466857909872,1.3982850998578704,58.31698247031288,0.013775818475478374,101.98035736083972,0,3
58,101.98035736083972,104.7780007509366,101.67743102572872,104.72454476181288,103.02279510498037,102.6387872314452,0.3840078735351682,1.3501874236934528,52.18101186781213,-0.021793080046186963,103.43264007568355,1,3
59,103.43264007568355,103.78902921480918,102.00709031673851,102.20310468313542,103.22177810668938,102.52919723510733,0.6925808715820523,1.1387103928901552,55.41062879954988,0.014240808253938475,101.69525527954093,0,3
60,101.69525527954093,104.24342852051365,100.60827143299993,104.16324453063318,102.3694175720214,102.26101547241201,0.10840209960939262,1.0482556312988174,50.975167217102985,-0.016797258533392756,102.61295700073237,1,3
61,102.61295700073237,103.35246332663863,101.30323073131134,101.94472986715493,102.58028411865229,102.39733520507802,0.1829489135742648,1.0531661750504666,53.110246027359565,0.00902403675244079,105.54423980712876,1,3
14,99.67946832830226,102.18312857100499,98.25790462041135,101.41929991263726,100.3654896129259,101.13921980424341,-0.7737301913175116,0.852741479000621,36.198497176629,-0.01261022568418968,100.52814830433226,1,4
15,100.52814830433226,102.26797959281681,99.87041336665409,100.10379984129136,100.38670626553603,100.84641682017914,-0.4597105546431095,0.7596890312454663,41.830781422202925,0.00851409011567772,97.536503184925,0,4
16,97.536503184925,101.58902609138727,96.92119269332773,101.31320216242862,99.24803993918651,100.35629549893444,-1.1082555597479313,1.3631556227449406,31.331027948481847,-0.029759278071556206,97.34553250399499,0,4
17,97.34553250399499,99.87041097875226,96.77266597761317,98.02449261864363,98.47006133108408,99.96377147327749,-1.4937101421934074,1.678619043905655,30.799569787392514,-0.001957940613966147,99.80676824396272,1,4
18,99.80676824396272,100.5705968568718,96.98485324284908,98.02450579720454,98.2296013109609,99.8449547507544,-1.6153534397934948,1.442630352159526,43.98685979042906,0.025283499680549992,98.87320085005317,0,4
19,98.87320085005317,101.84364036056954,97.57893662546181,100.57059485606273,98.67516719933697,99.67733834006549,-1.002171140728521,1.3888584886586746,40.81005120600005,-0.009353748351290103,103.30762689763817,1,4
20,103.30762689763817,104.15632378153771,100.14623230012181,100.14623230012181,100.66253199721803,100.02530184659068,0.6372301506273459,2.4188108448171257,56.77800648251431,0.0448496256767299,104.55947182395226,1,4
21,104.55947182395226,105.11112619013863,102.48016668414681,103.05303977115682,102.2467665238812,100.30537206476363,1.941394459117575,3.0435145835436295,60.054205020832434,0.012117642848910704,102.26799011230453,0,4
22,102.26799011230453,104.38973264575499,99.997723011495,103.11668712568454,103.37836294463166,100.4857212413439,2.892641703287765,2.3790189016841827,52.24728560943893,-0.021915582315736315,105.53546558726907,1,4
23,105.53546558726907,106.53268710440089,98.91563319017408,100.99493815030999,104.12097584117528,100.94401758367344,3.1769582575018376,2.57292879182726,60.19366188739255,0.031950128983432524,104.00781111283726,0,4
24,104.00781111283726,107.65720401808545,103.28641354402681,106.04467855993227,103.93708893747028,101.37685186212695,2.5602370753433235,1.23786846261764,55.54020173841259,-0.014475271094232967,103.75319740988954,0,4
25,103.75319740988954,104.49580720730181,101.48293058206909,103.15911216197726,104.43215803666529,101.69935677268268,2.7328012639826085,1.1967061090568616,54.78006953197538,-0.002448024818746508,104.32608864524136,1,4
26,104.32608864524136,104.92017399696545,102.8620810373409,103.54104127506409,104.02903238932272,102.3783153187143,1.6507170706084224,1.1749918534107362,56.231571803491605,0.005521673063130228,103.92293756658363,0,4
27,103.92293756658363,105.59911920075727,101.84363265653045,103.92293756658363,104.00074120723816,103.03605582497316,0.964685382265003,0.7164470105853309,54.89617525851817,-0.0038643361779682195,104.43217884410498,1,4
28,104.43217884410498,105.19600104016544,103.13791449515453,104.05026127102954,104.22706835197665,103.49859688498739,0.7284714669892622,0.2832458908046822,56.307658734777036,0.004900181706229079,103.3713254061609,0,4
29,103.3713254061609,104.36854076833363,101.73758064519772,104.02906058066044,103.90881393894983,103.94840934059816,-0.03959540164832731,0.43233259996516205,52.613813614539445,-0.010158300340814552,99.17024785822045,0,4
30,99.17024785822045,102.77721027928364,98.02450814889181,102.01338164804953,102.32458403616211,103.5346714366564,-1.210087400494288,2.2054715525867046,41.11192788790321,-0.04064064702115233,97.57892955433226,0,4
31,97.57892955433226,100.95249860179908,97.02727524734635,99.65824094604136,100.04016760623789,102.8366172096944,-2.7964496034565087,3.10573380648526,37.745883028410496,-0.01604632778737458,97.17579928311407,0,4
32,97.17579928311407,98.27910789119318,94.18414128528453,96.24223394745545,97.97499223188895,102.32739812677535,-4.352405894886402,3.351816501287009,36.92117428680876,-0.004131325000790498,97.79110995205953,1,4
33,97.79110995205953,99.59459106640091,96.43319605509318,97.26067433019408,97.51527959650195,101.5529625632544,-4.037682966752442,2.5467875147619856,39.10805246416032,0.006331933192057271,98.10936667702408,1,4
34,98.10936667702408,99.63702378563727,97.04849548355453,98.7883268308618,97.69209197073256,100.96311811967308,-3.2710261489405212,0.7542529425536059,40.26167012214007,0.003254454572819254,95.0328341397368,0,4
35,95.0328341397368,98.13057912161182,94.33266178683272,97.98205457400499,96.97777025627347,100.0910817926578,-3.1133115363843302,1.224507658100628,33.62904857347017,-0.031358193835000714,95.98763899369635,1,4
36,95.98763899369635,96.75146766500816,93.59007231920863,95.16016063104408,96.37661327015242,99.2572368275033,-2.880623557350887,1.28636101462981,37.092685537192246,0.010047104904349125,94.86310091885636,0,4
37,94.86310091885636,95.817884967855,93.99318526809317,95.817884967855,95.29452468409652,98.35125316273057,-3.0567284786340565,1.5206115043137538,34.789908755956944,-0.011715446766159543,99.33998107910136,1,4
38,99.33998107910136,99.72189211847363,95.05405887037499,95.05405887037499,96.73024033055135,97.84203338623021,-1.1117930556788593,1.975558778367126,48.497916741371604,0.04719306154744429,98.47007057883499,0,4
39,98.47007057883499,100.35842010611908,97.89719751463862,100.27355170124953,97.55771752559758,97.35190790349762,0.205809622099963,2.0467199498327506,46.454436131638964,-0.00875690221416181,95.01163135875316,0,4
40,95.01163135875316,99.23390432704407,94.50241442804317,98.87320549380817,97.60722767222984,96.9360462535509,0.6711814186789411,2.051155109025065,39.35480949809038,-0.03512172987946638,94.50241088867182,0,4
41,94.50241088867182,95.47841374642181,92.14727538791772,94.3751050420009,95.99470427542,96.62839438698485,-0.6336901115648459,2.281016400173308,38.42366413759914,-0.005359559274996428,93.92954046075954,0,4
42,93.92954046075954,96.07249514630954,92.88988148454953,93.78101589986,94.48119423606151,96.3037685047494,-1.8225742686878874,2.472288963157328,37.352934966100634,-0.006061966277105313,89.17682994495726,0,4
43,89.17682994495726,94.01440647285136,87.45822379134182,94.01440647285136,92.53626043146288,95.44234050403917,-2.9060800725762874,3.327440791265956,29.90694356341099,-0.050598677396785474,88.15840287642045,0,4
44,88.15840287642045,91.00153659595773,86.6307456517209,89.96188404236362,90.42159109404575,94.44724412397882,-4.025653029933068,3.227303711314067,28.591685967697742,-0.011420310288731028,91.48953524502816,1,4
45,91.48953524502816,92.06240181029999,88.49787715401817,89.304136679235,89.60825602213528,94.09291423450796,-4.484658212372679,2.8048529755772487,38.16991602025311,0.03778576131054989,90.32257773659408,0,4
46,90.32257773659408,93.10205513682727,89.1131819627959,92.0836213615559,89.9901719526809,93.52640810879772,-3.5362361561168285,2.232694726342456,36.33140388915482,-0.012755092757971931,90.30136801979727,0,4
47,90.30136801979727,90.68327910483727,88.05231952722545,89.66484522803408,90.70449366713984,93.0702348188918,-2.365741151751962,1.267073393784639,36.29718367407606,-0.00023482187209789007,91.40466169877455,1,4
48,91.40466169877455,93.27179893046181,90.59840216182499,91.06518808850818,90.6762024850553,92.27670288085913,-1.6005003958038344,1.3431295325818733,39.48996310192612,0.012217906585151539,93.61129067160863,1,4
49,93.61129067160863,94.01442049027818,90.15284617975954,91.00154326118817,91.77244013006015,91.79082489013649,-0.018384760076344264,1.3474350715287906,45.38571752063948,0.02414131765080052,92.50798312100454,0,4
50,92.50798312100454,94.18415858438091,91.44711175493818,93.78102876028454,92.50797849712923,91.54046006636163,0.9675184307675977,1.4336805303151103,43.123284372138386,-0.011786052117094714,90.64084833318499,0,4
51,90.64084833318499,93.73858741309863,89.74971383277091,92.7201535340918,92.25337404193272,91.15430381081295,1.099070231119768,1.3666416865087925,39.53185365959091,-0.020183499032480845,92.50798312100454,1,4
52,92.50798312100454,92.8898942227709,90.38624038887181,90.38624038887181,91.88560485839803,91.01214807683745,0.8734567815605772,1.1427542610471673,44.50881581143946,0.02059926426279879,93.27180342240726,1,4
53,93.27180342240726,94.90554129438954,91.2985789737209,93.12327885447999,92.14021162553227,91.42164542458245,0.718566200949823,1.1496631376117439,46.450563503598374,0.008256804176604016,93.29301313920453,1,4
54,93.29301313920453,93.95074808357818,92.40187876773,93.33544410091407,93.0242665608721,91.93510645086084,1.0891601100112638,1.080002881669333,46.50653898769253,0.00022739687685913168,93.73858365145591,1,4
55,93.73858365145591,94.82067365137999,92.50797555745227,93.48397842944364,93.43446673768925,92.16001129150364,1.2744554461856126,1.2281896681969293,47.74236952389593,0.004776033030325033,93.2505728981709,0,4
56,93.2505728981709,94.33266275240771,90.59839505692591,93.99318269371955,93.42738989627712,92.45281080766131,0.9745790886158119,0.4428760518058344,46.47593144464463,-0.005206082002471413,93.78102389248907,1,4
57,93.78102389248907,94.52363381018999,91.6804999917159,92.50797831928772,93.59006014737197,92.8007763949305,0.7892837524414773,0.26813359861796865,48.08787329586636,0.005688447564793142,93.92954046075954,1,4
58,93.92954046075954,95.66936537749544,93.56884165574272,93.90832174133908,93.65371241713983,93.053264271129,0.6004481460108337,0.30696158829182857,48.55502457040012,0.001583652663472046,92.59283585981862,0,4
59,92.59283585981862,94.33266719564182,91.93509442920045,93.97196840222546,93.43446673768908,92.95141878995,0.483047947739081,0.5470273556550438,44.6596497689378,-0.014230928783254826,91.85022527521272,0,4
60,91.85022527521272,93.25057652486136,91.34100840489818,92.74135965454636,92.79086719859697,92.88564300537081,-0.09477580677383912,0.8648583487795368,42.61424058657276,-0.00802017324245452,91.68049205433226,0,4
61,91.68049205433226,93.86588417577272,89.96187938429317,92.50797031026363,92.04118439645454,92.98960737748554,-0.9484229810310012,1.0525033469579015,42.13918825433291,-0.0018479347260378365,94.7994509610259,1,4
14,82.75506973266585,85.58770393320584,82.54378977658541,85.58770393320584,85.03502104017446,89.41659609476703,-4.381575054592574,1.4017976545261686,13.15890515213809,-0.040084842028144774,84.13917541503876,1,5
15,84.13917541503876,84.68528952132041,78.72279780355875,82.74613156379084,84.3683539496525,87.90591812133768,-3.537564171685176,1.4500509903985779,19.913635637053375,0.016725327968959203,84.15348688761375,1,5
16,84.15348688761375,84.69244053047083,82.48112627983375,84.14453419834001,83.68257734510613,86.27849769592262,-2.595920350816499,1.4788220958025429,19.982940718146878,0.00017009285513425176,84.37731424967417,1,5
17,84.37731424967417,85.1866409543396,83.88134045007418,84.15528927759917,84.22332551744222,84.86594454447405,-0.6426190270318273,1.2336578110374996,21.13246539675913,0.0026597514890778218,85.62351226806625,1,5
18,85.62351226806625,85.87418754446793,84.33432513228584,84.40594663982917,84.71810446845139,84.82458178202288,-0.10647731357148871,1.0187053684791734,27.387181082109777,0.014769349196213533,88.169644673665,1,5
19,88.169644673665,88.38092458618917,85.60022354762835,85.65930778369709,86.05682373046848,85.17391268412246,0.8829110463460239,1.7213805462918093,38.17538908744351,0.029736369580675825,88.52419535319,1,5
20,88.52419535319,89.09716749139834,88.15713507715,88.27352004272376,87.43911743164041,85.50086530049617,1.9382521311442389,2.0687864844477635,39.52282929031699,0.004021232940625508,88.91452789306625,1,5
21,88.91452789306625,89.428415769545,88.09446502876375,88.09446502876375,88.53612263997375,85.90069198608374,2.635430653890012,2.003474022741296,41.04618437627879,0.0044093316897027,87.44807561238584,0,5
22,87.44807561238584,89.45527027485126,86.78378432674458,88.88229816740625,88.29559961954736,86.03158187866188,2.2640177408854782,1.2984348734808606,37.2499482615758,-0.016492830985326168,87.29230880737292,0,5
23,87.29230880737292,87.69338755579543,84.79629193446459,86.26811761254542,87.88497077094166,86.13973108927388,1.7452396816677833,0.6930084894289843,36.85998185021967,-0.0017812490889262955,85.72735468546541,0,5
24,85.72735468546541,86.22333709184876,83.40860852133001,85.76675000933542,86.82257970174139,86.43695958455383,0.38562011718755684,1.245484457730027,33.10966705436911,-0.017927743500986693,84.73719278971333,0,5
25,84.73719278971333,85.75959151837876,84.24837951704001,84.79986160635667,85.9189520941839,86.49676132202129,-0.5778092278373919,1.6229976587439672,30.963091381285338,-0.011550127720434067,83.94755681355792,0,5
26,83.94755681355792,85.40326901923834,83.16330490053542,84.79985439600834,84.80403476291222,86.4761683146157,-1.6721335517034817,1.5414985003572994,29.330005818389978,-0.00931864686755668,82.76939392089834,0,5
27,82.76939392089834,84.51337581737126,82.08003693594709,83.94040377793125,83.81804784138987,86.31537628173812,-2.497328440348255,1.7234164083549643,27.038551791843474,-0.01403451079911966,83.75956217447917,1,5
28,83.75956217447917,83.99412436414458,82.51156263055917,83.0881105301271,83.49217096964514,86.12898127237942,-2.6368103027342755,1.1096216074590857,31.85701445322728,0.011962975765258399,86.49016062418583,1,5
29,86.49016062418583,86.98435094544166,82.54381594452167,82.54381594452167,84.33970557318777,85.9610328674315,-1.6213272942437271,1.3909235252071253,43.03054975532516,0.032600438431358514,84.81597264607709,0,5
30,84.81597264607709,85.40864233200543,84.29850903544667,85.15796707149208,85.02189848158069,85.5902105967202,-0.5683121151395056,1.3969697358045254,38.82684144400748,-0.0193569761696174,84.89119211832667,1,5
31,84.89119211832667,85.13828284554,84.02635708735792,84.81598603116042,85.3991084628632,85.18787701924626,0.21123144361693846,1.391637004489334,39.11463386137602,0.0008868550333491765,85.33167521158833,1,5
32,85.33167521158833,86.12488006934417,82.44173980915085,83.27255645733166,85.01294665866403,84.9762369791665,0.0367096794975339,0.9872087745203278,40.868988523427596,0.005188796178615229,83.81326675415,0,5
33,83.81326675415,85.42654276452959,83.22418167460333,85.40505281772833,84.678711361355,84.6283327738442,0.05037858751079227,0.9696905127924008,36.91979999740863,-0.017794194871638025,83.83658727010084,1,5
34,83.83658727010084,84.80168565936125,83.21168241290917,84.33435341732958,84.32717641194638,84.43925603230775,-0.11207962036137076,0.6799175611941762,37.020457859059846,0.0002782437298289864,84.09081141153959,1,5
35,84.09081141153959,84.6852734294475,82.62257048676125,84.33432628909918,83.91355514526349,84.37461789449038,-0.4610627492268975,0.683064750662299,38.17858672291183,0.003032377029132949,86.43616358439125,1,5
36,86.43616358439125,86.73023290946125,83.97464813103666,85.28164654552751,84.78785408867724,84.62347857157371,0.16437551710352238,1.152839020425884,47.72847918461211,0.0278907068856018,86.14754358927375,0,5
37,86.14754358927375,86.58865204479625,85.35608160078834,85.78993072614416,85.55817286173487,84.96129353841124,0.596879323323634,1.311165180528943,46.770978611125116,-0.0033391115841890917,86.6176795959471,1,5
38,86.6176795959471,87.06060500464208,85.77539361383626,86.91538297794543,86.40046225653737,85.24710528055805,1.153356975979321,1.3481577221844179,48.5805296129803,0.0054573350218181105,87.47814178466793,1,5
39,87.47814178466793,88.04087728898918,86.33451801782125,86.80648973112292,86.74778832329626,85.34590339660625,1.4018849266900162,1.2554635932229983,51.80958833365792,0.009934024932723995,88.30590565999334,1,5
40,88.30590565999334,89.26800180479958,86.86820372455792,87.38737436033459,87.46724234686945,85.69489669799789,1.772345648871564,0.8838451580641702,54.75329584076174,0.009462522390599082,88.19878896077459,0,5
41,88.19878896077459,92.65165594907417,86.81010328677293,87.42366282342125,87.99427880181194,86.02565638224267,1.9686224195692716,0.9529969161240608,54.2911295223865,-0.0012130185225797119,86.741110483805,0,5
42,86.741110483805,88.27683511291,86.51601812628583,87.67779428240917,87.74860170152431,86.16659990946434,1.5820017920599696,0.7886149068534571,48.31451931997897,-0.016527193787409855,86.61043167114249,0,5
43,86.61043167114249,87.00071591927751,85.1364243606325,86.18928419281083,87.18344370524069,86.4463164011636,0.7371273040770916,0.7905736435226712,47.80642950936511,-0.0015065383868576587,86.7284266153971,1,5
44,86.7284266153971,87.56526158310834,86.21469829809,86.58864684756209,86.69332292344819,86.73550033569322,-0.04217741224502447,0.8562698640497468,48.33475819538111,0.0013623641168609701,87.6959482828775,1,5
45,87.6959482828775,88.34400509964708,87.00250958436334,87.03155576140958,87.01160218980569,87.096014022827,-0.0844118330213206,0.7113311447277431,52.57397738180547,0.01115576178697375,89.05558268229167,1,5
46,89.05558268229167,89.48762349040668,88.44564845319542,88.87587221341292,87.82665252685543,87.35795593261705,0.4686965942383807,1.040603825623378,57.81259120501137,0.015503959145620527,87.83210118611626,0,5
47,87.83210118611626,90.36077630041167,86.87182226178209,90.36077630041167,88.19454405042848,87.52641169230131,0.668132358127167,0.9898840935117335,52.22251871530401,-0.01373840313347019,88.06446711222291,1,5
48,88.06446711222291,89.04835009405042,87.67418283395959,88.11348310193043,88.31738366021028,87.67109044392888,0.646293216281407,0.8333971356135643,53.14907728006735,0.00264556947822836,89.24075444539375,1,5
49,89.24075444539375,89.67460348710543,87.21308830691584,87.21308830691584,88.3791075812443,87.84735171000146,0.5317558712428365,0.7184995116800585,57.62875255552002,0.013357116346049747,89.67823028564416,1,5
50,89.67823028564416,90.38981285624834,88.65804206288458,88.99386797978958,88.99448394775361,87.98458417256654,1.0098997751870655,0.7914213424594726,59.19155391399139,0.004902197913601247,90.70205688476541,1,5
51,90.70205688476541,91.12682957659584,89.34785959681334,89.34785959681334,89.8736805386011,88.23491096496562,1.6387695736354857,1.183277448578557,62.66240432186084,0.011416668190932677,91.58247629801417,1,5
52,91.58247629801417,91.92556163327542,90.863625346635,91.12865737209958,90.65425448947458,88.71904754638655,1.9352069430880334,1.3524258796450874,65.38857593828973,0.009706719378671957,91.18853886922166,0,5
53,91.18853886922166,92.37391897419292,90.63669694335792,92.03445894308543,91.15769068400043,89.17685826619444,1.9808324178059848,0.9931442716799475,63.16621785884283,-0.004301449848447159,89.92875417073542,0,5
54,89.92875417073542,90.94530851743751,89.235315338775,90.76378095552626,90.89992311265708,89.49689102172829,1.4030320909287894,0.8094754235265511,56.54742544800753,-0.01381516486729728,89.67823028564416,0,5
55,89.67823028564416,90.21917875768584,89.05558556476126,90.03765123503459,90.26517444186709,89.69511922200496,0.5700552198621267,0.8094754235265511,55.30632710241092,-0.0027858040223222025,90.44794718424458,1,5
56,90.44794718424458,90.87272001164833,88.5909144475171,89.166360506835,90.01831054687472,89.83435567220025,0.1839548746744697,0.8106986496832644,58.332263762395606,0.00858309643431543,89.8361778259275,0,5
57,89.8361778259275,90.20105001631292,88.09351314459,88.93943339805293,89.98745176527207,90.03476333618137,-0.047311570909300826,0.6155490719100644,55.13705849975152,-0.006763772726327222,89.60744222005209,0,5
58,89.60744222005209,90.3281101491375,89.24802121146168,89.852504415995,89.96385574340808,90.18906084696428,-0.22520510355620615,0.3316314333150021,53.947215387449916,-0.0025461413364961105,88.59996795654293,0,5
59,88.59996795654293,89.30792544068042,88.20605846945666,89.06105504995251,89.34786266750751,90.12498219807921,-0.7771195305716958,0.666196251448323,48.93792164632565,-0.011243198539637733,89.60564931233709,1,5
60,89.60564931233709,89.85615383210542,88.89224059099418,89.02112694800917,89.27101982964405,90.1177241007485,-0.846704271104457,0.6657808980183492,53.57234143755899,0.011350809475319856,89.79443232218416,1,5
61,89.79443232218416,90.65487125782792,88.88861149263833,89.49309477394709,89.33334986368806,90.02696164449037,-0.6936117808023141,0.507896295549075,54.40883908509355,0.002106820399113918,91.09776814778625,1,5
14,107.73309326171841,108.393249106568,105.8249435970996,107.13622521236638,107.42560628255187,105.67390624999977,1.751700032552094,1.0134568516152802,64.48519237424651,0.011633998165975656,107.69688720703121,0,6
15,107.69688720703121,109.41511780152639,106.982462804636,107.615495128924,107.30804036458322,106.19208862304666,1.1159517415365627,0.6221323584569708,64.25948137871399,-0.00033607180106898227,107.3080322265624,0,6
16,107.3080322265624,108.70070570550641,106.0871840343624,107.47081640120601,107.57933756510401,106.49413452148417,1.0852030436198419,0.5987941513949895,61.759218602681806,-0.0036106427080040415,108.04958496093721,1,6
17,108.04958496093721,108.4655754468588,106.23186892421441,107.9410585042568,107.68483479817695,106.93906738281228,0.7457674153646678,0.5987941513949895,64.5888358969292,0.006910505383316945,108.29376220703121,1,6
18,108.29376220703121,108.8815780352948,106.1685819048472,107.6335953996052,107.88379313151027,107.18052612304669,0.7032670084635839,0.37480359328275054,65.49423576714713,0.0022598628785319708,109.0805175781248,1,6
19,109.0805175781248,110.1114582296156,106.53030584372921,107.72401962595521,108.47462158203108,107.63721191406232,0.8374096679687568,0.6689915413246542,68.30610456894289,0.007265010976250874,107.9139526367184,0,6
20,107.9139526367184,110.13860736865479,107.47986881815079,108.9268001610964,108.42941080729146,107.85335083007791,0.5760599772135464,0.6440249109868257,60.44124950117021,-0.010694530676120806,108.438439941406,1,6
21,108.438439941406,109.2432975700868,106.98246773626879,107.61550008973799,108.47763671874974,107.90579956054668,0.5718371582030528,0.4541169601128858,62.53017801678355,0.004860236251870376,108.754943847656,1,6
22,108.754943847656,109.8943997474976,107.8867874972628,107.8867874972628,108.3691121419268,107.97633544921855,0.392776692708253,0.4448889218956987,63.77336868465036,0.002918742711726763,108.5650268554684,0,6
23,108.5650268554684,109.415100910408,107.642612883874,107.8867780412944,108.58613688151013,108.1834240722654,0.40271280924473274,0.43031294511033197,62.43476497165225,-0.0017462837593261726,107.55222167968721,0,6
24,107.55222167968721,110.464166642546,106.1866713695616,109.2342771874012,108.29073079427053,108.16533691406228,0.12539388020825015,0.49734622002546924,55.71807168791036,-0.009329018792852417,108.47459716796841,1,6
25,108.47459716796841,109.0443306058756,105.87011722211722,106.8920165506784,108.19728190104134,108.243107910156,-0.045826009114662725,0.4663057395010305,59.94436100859751,0.00857607099022295,107.3622558593748,0,6
26,107.3622558593748,109.062403884534,106.7653991404848,108.8815375431004,107.7963582356768,108.24853027343724,-0.4521720377604339,0.6366144764828008,53.333638756862904,-0.010254394463168226,103.29282226562479,0,6
27,103.29282226562479,107.56127698874721,102.4427588059732,106.91920331720121,106.37655843098933,107.77285400390599,-1.3962955729166566,2.1674233802002263,37.17947678729126,-0.0379037638616706,104.45031738281241,1,6
28,104.45031738281241,105.08334960937479,101.6468889508928,102.79538586054521,105.03513183593735,107.38850952148411,-2.3533776855467607,2.228380013775382,42.51309618664193,0.011205958863347076,107.5883911132812,1,6
29,107.5883911132812,108.2485579962776,103.120999138454,103.4646387307888,105.11051025390613,107.23929687499977,-2.1287866210936386,2.233811868906546,53.93250727652889,0.030043697416137993,105.29135742187479,0,6
30,105.29135742187479,108.1490437436184,104.4503244199536,106.9914946070912,105.7766886393228,106.9770373535154,-1.2003487141926001,1.857370470091824,46.630623491915834,-0.021350200218049897,104.89345703125,0,6
31,104.89345703125,106.65690419829559,103.57313469350841,105.6440458685704,105.92440185546866,106.6225390624998,-0.698137207031138,1.5779174112569279,45.481902358600024,-0.0037790413227414277,105.219006347656,1,6
32,105.219006347656,106.539328585604,103.05765110869399,103.1933008805216,105.1346069335936,106.2689453124998,-1.1343383789061932,1.2199317597225086,46.640107373884305,0.003103618906458827,107.597424316406,1,6
33,107.597424316406,107.9772393355712,104.22426158647079,104.36895249666641,105.90329589843732,106.17218505859356,-0.26888916015623465,1.3547858990227537,54.281805716502596,0.022604451907590084,103.8534667968748,0,6
34,103.8534667968748,107.9772176239168,103.4555585944396,107.8777433331096,105.55663248697893,105.80230957031233,-0.24567708333340477,1.3708906357071828,43.677934314529715,-0.0347959771650439,103.2023681640624,0,6
35,103.2023681640624,103.8173183679884,101.149538845466,103.8173183679884,104.8844197591144,105.2750866699217,-0.39066691080731175,1.6838178117485532,42.13634880048816,-0.006269397189078596,102.90394287109359,0,6
36,102.90394287109359,104.54078162116079,101.4841349746856,104.54078162116079,103.31992594401027,104.82925537109361,-1.509329427083344,1.9199610165498802,41.414850754337664,-0.0028916515994517056,103.0124389648436,1,6
37,103.0124389648436,104.69449400027479,102.6868817062452,104.0072040011876,103.03958333333321,104.80121704101548,-1.7616337076822646,1.9818469962377376,41.80499671312747,0.0010543434072873836,103.02147216796841,1,6
38,103.02147216796841,103.99815490800441,101.6649744952556,103.2837305925344,102.97928466796854,104.65833251953109,-1.6790478515625438,0.38135208445757907,41.83972460203969,8.769041113465548e-05,102.325158691406,0,6
39,102.325158691406,104.3599055500508,101.9182093196772,103.4736558359356,102.78635660807267,104.13200927734356,-1.3456526692708906,0.3350533145496912,39.86488897546114,-0.006758915999832804,104.43225097656241,1,6
40,104.43225097656241,105.1557164878952,102.80445357606361,103.98912614302961,103.25962727864561,104.04609863281232,-0.7864713541667072,0.7778042958900723,47.88160674382574,0.020592123306752086,102.5421997070312,0,6
41,102.5421997070312,105.25519549588,101.86395075981879,103.50078934458278,103.09986979166655,103.81097290039045,-0.7111031087239041,0.820777581916703,42.41895901336118,-0.018098348468572167,102.92199707031241,1,6
42,102.92199707031241,103.39225621667799,101.5293239294392,101.5293239294392,103.29881591796868,103.5812719726561,-0.2824560546874153,0.8232652714163425,43.80630603239043,0.003703815252318776,102.0900512695312,0,6
43,102.0900512695312,102.9853422414008,101.1224093151872,102.858733541676,102.5180826822916,103.0305346679686,-0.5124519856769894,0.9294706677331531,41.45037881639173,-0.008083265234475223,101.1495300292968,0,6
44,101.1495300292968,102.95819395471999,100.0191150759072,101.7192635814884,102.05385945638012,102.7601409912108,-0.7062815348306799,1.2066872721682382,38.903148336643206,-0.009212663021897272,103.9439208984372,1,6
45,103.9439208984372,104.51364342729639,100.4170261455808,100.4170261455808,102.39450073242175,102.83429626464829,-0.43979553222654033,1.0310472842615925,48.94243908533289,0.02762633566691841,104.63120117187479,1,6
46,104.63120117187479,105.0652849009764,103.5098274043692,104.21521070435719,103.24155069986959,103.00702209472641,0.23452860514318274,1.3960899734177863,51.07192014526155,0.006612029520313367,105.56268310546841,1,6
47,105.56268310546841,106.2047566439624,103.2566364108832,103.7359257670164,104.71260172526013,103.26204650878887,1.4505552164712583,1.8194093230572734,53.87950516442332,0.008902525471952583,104.6402221679684,0,6
48,104.6402221679684,106.24089595202399,104.0524065440444,105.80681230636719,104.9447021484372,103.42392150878888,1.520780639648322,1.6865313638147357,50.772368206219866,-0.008738513557659089,104.86633300781241,1,6
49,104.86633300781241,105.671190668758,104.02531089944242,105.0652926646892,105.02307942708308,103.67803894042952,1.3450404866535592,0.5804487711033699,51.51051452125897,0.002160840594174651,107.253771972656,1,6
50,107.253771972656,107.61550476177119,104.7216424488496,104.90250884340719,105.58677571614561,103.96019104003888,1.6265846761067309,1.1085611678463898,58.57376426694869,0.022766496132421432,105.43607177734359,0,6
51,105.43607177734359,107.32612789547161,104.8301627041092,105.4451128896468,105.85205891927068,104.24957824707012,1.6024806722005565,1.0260432738309246,52.32439918395399,-0.016947657521786952,107.47080078125,1,6
52,107.47080078125,107.8867912302896,105.57170386940079,105.57170386940079,106.72021484374987,104.70445861816388,2.0157562255859887,1.3384001207142775,57.757540078092546,0.0192982246929998,107.1271606445312,0,6
53,107.1271606445312,108.5017518327664,106.36751959829681,107.841585093242,106.67801106770825,105.20816955566389,1.4698415120443684,1.1917260426378282,56.58470792940302,-0.0031975209472780985,108.1671386718748,1,6
54,108.1671386718748,108.86348087333961,106.141432964572,106.141432964572,107.58836669921868,105.90993041992166,1.678436279297017,1.0085773152506052,59.2796162763729,0.009707883799837225,109.4603515625,1,6
55,109.4603515625,109.77686777428201,108.33897763291479,109.05340214735119,108.25155029296866,106.46157348632796,1.789976806640695,1.473303751740885,62.40472468088961,0.011955691039846839,111.09716796875,1,6
56,111.09716796875,111.965324338442,108.7911217471764,108.7911217471764,109.57488606770828,107.10817016601547,2.466715901692808,1.6268798021278954,65.96507439483099,0.014953509493484507,110.057189941406,0,6
57,110.057189941406,111.0881304938096,109.6140651117792,110.33753061673481,110.204903157552,107.55762084960925,2.6472823079427457,1.562339069313962,61.95072942397351,-0.009360976939002952,110.2018920898436,1,6
58,110.2018920898436,111.6849987343192,109.96676798456039,110.32850077398321,110.45208333333319,108.11378784179676,2.338295491536428,1.0830342745013932,62.29455658832912,0.0013147905058692455,111.5222167968748,1,6
59,111.5222167968748,111.9472594564844,109.6050373902212,109.6050373902212,110.59376627604145,108.77937622070299,1.814390055338464,0.8309871849413113,65.36953861753548,0.011980962232071235,112.67071533203121,1,6
60,112.67071533203121,113.38513975167241,111.46794947116639,111.83872334792959,111.46494140624986,109.32107055664054,2.1438708496093284,1.065245107765537,67.82740884214002,0.0102983833010446,111.4137207031248,0,6
61,111.4137207031248,113.04151857054039,110.80782257927119,112.49891928140201,111.86888427734361,109.91883544921863,1.9500488281249773,1.073677395212218,62.59137079703008,-0.011156356158760095,114.9948486328124,1,6
14,98.36664690290172,99.57079105508372,98.00512305601544,99.06408430469715,98.87241036551325,100.10966360909589,-1.2372532435826429,1.2380618500753533,40.78696132031712,-0.018797829530395216,98.42926897321429,1,7
15,98.42926897321429,98.944515357216,96.44514037126915,96.92907756680485,99.0156889415922,99.89559326171866,-0.8799043201264567,1.1161135467961047,41.087180024585095,0.0006366189382707166,99.217808314732,1,7
16,99.217808314732,99.51955454760115,98.56591865133943,99.41137973065858,98.67124139694936,99.65761195591509,-0.9863705589657314,0.8989681041991623,44.877124847152004,0.008011228263132608,99.14947509765601,0,7
17,99.14947509765601,99.74727730886143,98.15314097476173,98.15314097476173,98.9321841285341,99.418776157924,-0.48659202938989665,0.762839234349623,44.60930563762978,-0.0006887192756690474,100.524422781808,1,7
18,100.524422781808,100.94288346811743,98.63138965320572,99.5764771493737,99.63056873139867,99.21267787388383,0.4178908575148341,0.8697633748188537,50.952041477307205,0.013867422725110323,101.95344761439715,1,7
19,101.95344761439715,103.06649622623715,100.60127985110971,100.71230411107342,100.54244849795373,99.27615792410703,1.2662905738467032,1.3953580881693535,56.52422523942026,0.014215697967158603,101.01974051339286,0,7
20,101.01974051339286,101.36703447579372,99.63626356163857,100.51872399390427,101.16587030319933,99.41251395089276,1.753356352306568,1.2010930258001342,52.34018977666411,-0.009158170938325716,101.09091622488828,1,7
21,101.09091622488828,103.8294106319817,100.65822562971887,100.65822562971887,101.35470145089278,99.80023106166283,1.554470389229948,1.0307529083951195,52.62805407258339,0.0007045723057066411,102.34343610491057,1,7
22,102.34343610491057,103.67568373868771,101.58622114287542,102.53701619048628,101.48469761439723,100.23463134765613,1.2500662667411007,0.7419932054913796,57.49355713455305,0.012390033910029352,101.07382638113828,0,7
23,101.07382638113828,102.192565186192,99.63341259686828,99.92661914930228,101.50272623697903,100.3168988909039,1.1858273460751292,0.6116682977888125,51.69733553199308,-0.0124053849674427,100.62975202287943,0,7
24,100.62975202287943,101.56914934476058,99.23488591052629,99.348750936308,101.34900483630942,100.54320940290168,0.805795433407738,0.6496093771616811,49.805962135091015,-0.00439356432974336,102.31781877790172,1,7
25,102.31781877790172,102.98109750034,100.62974619542743,100.77207964124857,101.34046572730648,100.93206438337043,0.408401343936049,0.7883725999755933,56.34431724406519,0.01677502648161644,103.04656110491057,1,7
26,103.04656110491057,103.50487929910115,102.25234676464686,102.36621177917115,101.99804396856389,101.3149396623883,0.6831043061755935,0.9975386031025082,58.837137689958425,0.007122340328527876,100.25399344308029,0,7
27,100.25399344308029,102.85585325252627,100.031953593766,102.63950361414743,101.87279110863085,101.42539149693071,0.44739961170013487,1.1774789172632905,47.616405142384096,-0.027100056827584873,101.31578717912943,1,7
28,101.31578717912943,102.19540676872428,99.97500864812943,101.6260730262803,101.53878057570677,101.50452793666287,0.03425263904389908,1.1622886998729438,51.410703053762674,0.010591036821410826,103.21167864118286,1,7
29,103.21167864118286,103.90341711399286,100.55289087313086,101.39835190234658,101.5938197544642,101.63035103934143,-0.03653128487722768,1.2426681295839763,57.350937816387514,0.018712695373934496,104.77450125558029,1,7
30,104.77450125558029,105.03639863285228,103.48211106336828,103.78955618831115,103.10065569196418,102.00582711356017,1.0948285784040053,1.7623404050808078,61.52641876904757,0.015141916447562132,105.144557407924,1,7
31,105.144557407924,106.12381219601257,104.80581180412058,105.1531057544,104.37691243489571,102.41119123186374,1.9657212030319755,2.130256789877687,62.4635340672678,0.003531929504880349,101.53499058314715,0,7
32,101.53499058314715,104.03436568598973,101.24748291368057,103.16328564316086,103.81801641555047,102.3303466796874,1.4876697358630793,1.7736220060365222,49.73765339686235,-0.034329564114031985,104.13969203404,1,7
33,104.13969203404,104.75173284142171,102.16411166775,103.10635844641115,103.60641334170371,102.63693324497758,0.9694800967261301,1.4440996673215793,56.607725000587614,0.02565323969533284,105.57155936104887,1,7
34,105.57155936104887,106.55081416418115,104.82858294310857,105.4406150232303,103.74874732607867,103.13111397879452,0.6176333472841549,1.5971742901644321,59.85610980063547,0.013749486857910442,107.18277413504458,1,7
35,107.18277413504458,107.60408425905828,104.91682812649,105.77936845440601,105.63134184337783,103.61760951450879,2.0137323288690396,2.0887533020500197,63.19496527674183,0.015261826042423543,108.60328020368286,1,7
36,108.60328020368286,110.53616234937942,107.39344578505458,108.05102567995687,107.11920456659209,104.17328142438603,2.9459231422060554,2.7383930344848006,65.88867673232096,0.013253119077217601,108.66589355468743,1,7
37,108.66589355468743,109.42594927563572,107.26532865269171,109.02456792376714,108.15064929780495,105.01447143554674,3.136177862258208,1.9660157911688314,66.00677533071529,0.000576532779554606,110.80372837611601,1,7
38,110.80372837611601,111.02007797468313,108.91354489929886,109.36901362333029,109.35763404482877,105.9632655552454,3.3943684895833712,1.9427153890192688,69.8455253016137,0.0196734665449807,108.35561697823657,0,7
39,108.35561697823657,111.11973024662257,107.92006826533829,110.74965805058085,109.27507963634667,106.47765938895077,2.7974202473959053,1.3090347400523656,61.3075803541448,-0.022094124753361144,105.14740862165172,0,7
40,105.14740862165172,107.95422869722258,104.09414633252028,107.666712356042,108.10225132533476,106.51495012555793,1.5873011997768316,2.027022779818384,52.28717571816543,-0.029608140731912647,106.18643624441943,1,7
41,106.18643624441943,106.693142942344,104.49267352410743,104.75741163703199,106.56315394810258,106.61913800920745,-0.055984061104865646,2.2201144968417945,54.61613825279003,0.009881628433720202,105.76228550502229,0,7
42,105.76228550502229,106.97780995432943,105.09901549751685,105.22426961961686,105.69871012369781,107.04186750139498,-1.3431573776971675,2.3246892836527024,53.46876337740184,-0.003994396595256577,105.81922258649543,1,7
43,105.81922258649543,106.97781018742943,105.50323783180886,106.97781018742943,105.92264811197906,107.20982055664051,-1.2871724446614508,1.2325499603083456,53.609650612697386,0.0005383495751936085,106.42556326729887,1,7
44,106.42556326729887,106.86395272659256,104.93676093735657,105.04208630058257,106.00235711960552,107.2952209472655,-1.2928638276599855,0.4860774104947738,55.166462877527586,0.005729967259094471,105.79076276506684,0,7
45,105.79076276506684,106.1807550329877,104.30195173193228,106.12381817733514,106.01184953962037,107.15601981026775,-1.144170270647379,0.2952888239852948,53.155241240856164,-0.005964737068270498,105.07055664062486,0,7
46,105.07055664062486,107.04044676333,104.68625458042686,105.89608892975886,105.7622942243302,106.80274745396196,-1.0404532296317512,0.48005990126973275,50.8884663774161,-0.006807835633450998,106.19214739118286,1,7
47,106.19214739118286,106.62768741948484,104.05714554904685,104.68625699273971,105.68448893229152,106.5553728376115,-0.8708839053199853,0.5147476318439136,54.16645918490147,0.010674643652971216,102.01322719029,0,7
48,102.01322719029,105.56587326721372,101.57199696557286,104.757420305166,104.4253104073659,105.67632271902889,-1.2510123116629899,1.79972764588398,42.724179200634104,-0.03935244086833334,98.91320800781229,0,7
49,98.91320800781229,99.78143857714885,97.84855658265258,99.23488299451857,102.37286086309506,104.73208182198645,-2.359220958891399,3.0888910941231513,36.55516392544857,-0.030388404208555264,99.04699707031229,1,7
50,99.04699707031229,99.55655322901971,98.01650433233799,98.81356813868715,99.99114408947152,104.12204066685251,-4.1308965773809945,3.352070155384649,36.97809979924455,0.0013525904699140945,98.87334333147315,0,7
51,98.87334333147315,99.63340772137886,98.43211314364457,98.950208948758,98.94451613653257,103.39073137555788,-4.446215239025307,3.1888991328858176,36.63671593293998,-0.0017532458729249134,95.40895298549086,0,7
52,95.40895298549086,99.83551951507,95.07873836067914,99.17793971420971,97.7764311290921,102.35539812360474,-4.5789669945126406,2.339345648851457,30.57270899253386,-0.03503866896022634,95.283700125558,0,7
53,95.283700125558,95.85872410600028,93.86036570009685,94.56634270256943,96.52199881417401,101.301845877511,-4.779847063336987,1.9723560886287277,30.376945023125955,-0.0013127998580164668,95.60253034319172,1,7
54,95.60253034319172,96.20887222819886,94.05394171723114,95.28370480620171,95.43172781808018,100.21954258510029,-4.787814767020109,1.9369156526831972,31.577967998965278,0.0033461149935780643,95.73346819196429,1,7
55,95.73346819196429,97.29913603070314,95.223920732062,96.217405362512,95.53989955357133,99.21381312779003,-3.6739135742187017,1.5153239198958057,32.09603245823811,0.0013696065188080198,95.06166294642857,0,7
56,95.06166294642857,95.41180635227343,94.11087656625944,94.79407537201227,95.4658871605282,98.21292375837041,-2.747036597842211,0.263944126852881,30.807181577997,-0.007017454378531629,95.88151332310257,1,7
57,95.88151332310257,96.50208511884514,93.871765578742,95.36341744782628,95.55888148716515,97.18186035156238,-1.6229788643972256,0.3349278431563214,34.2757696357846,0.008624406004090313,96.69564383370515,1,7
58,96.69564383370515,97.63504975128001,96.22594521858971,96.78673932038114,95.87960670107877,96.6501020159039,-0.7704953148251263,0.5910283051638981,37.61989038620059,0.008491006059313078,96.30564662388372,0,7
59,96.30564662388372,97.91971157456399,95.93273372486657,97.76598903465572,96.29426792689715,96.38934587751103,-0.09507795061388435,0.6168771640684128,36.65767238044716,-0.004033244873906994,95.01042829241057,0,7
60,95.01042829241057,96.35120697262086,94.77699934706857,95.9270560672477,96.00390624999982,95.98568899972085,0.01821725027896548,0.7471042432605544,33.58531620859806,-0.013449038315806683,93.51022774832572,0,7
61,93.51022774832572,94.4496337362303,93.18286254887857,93.94007754979171,94.94210088820667,95.44937744140611,-0.5072765531994463,1.267003664610546,30.406508554333982,-0.01578985139891942,94.57203020368286,1,7
14,87.07008361816375,88.45676858398937,86.90258708026562,88.10803925019188,87.72177886962875,92.58386917114231,-4.862090301513561,1.372098112981036,17.920971350343166,-0.02060173806300658,85.73282623291,0,8
15,85.73282623291,86.3753733867575,85.34839871832688,86.3753733867575,87.23484039306625,91.2114624023435,-3.97662200927725,1.2967992275298095,16.56127073678755,-0.01535840244644926,86.82569885253875,1,8
16,86.82569885253875,87.42979922406188,86.03213331877312,86.61700695173188,86.54286956787082,89.92857360839818,-3.385704040527358,1.139062064352387,21.78421487466467,0.012747423217563725,85.27699279785125,0,8
17,85.27699279785125,86.37260832393625,85.142439171075,86.37260832393625,85.94517262776667,88.7546966552732,-2.8095240275065265,1.4090203311765506,19.884667349530005,-0.01783695467073365,86.91355133056625,1,8
18,86.91355133056625,87.96798490634562,85.53235711118188,86.22158327689125,86.33874766031875,87.87682876586886,-1.5380811055501198,0.8052470753520514,27.117050432737727,0.01919109104368233,86.08705139160125,0,8
19,86.08705139160125,87.72086830278376,85.71635343696312,87.31996264806625,86.09253184000625,86.88281021118136,-0.7902783711751198,0.7032485826947251,25.847972671836104,-0.009509448484293248,84.62896728515625,0,8
20,84.62896728515625,85.27425629592875,84.07978514832813,85.17265894139187,85.87652333577459,86.44126739501931,-0.5647440592447168,0.9889471584709167,23.737386360681484,-0.016937321965092345,84.329666137695,0,8
21,84.329666137695,86.221595927285,84.03310644149937,84.97220655954875,85.01522827148416,86.2960090637205,-1.2807807922363423,1.0614793001055156,23.316513681098527,-0.0035366276709103417,87.05359649658187,1,8
22,87.05359649658187,87.286998874535,85.53235815206438,85.67515085227124,85.33740997314437,86.28200454711893,-0.9445945739745554,1.2675828961066617,34.669411037598664,0.032300974065748056,84.73056030273438,0,8
23,84.73056030273438,85.7740063092975,84.30220228026438,85.12322685124376,85.37127431233709,85.86489944457988,-0.4936251322427836,1.1606986845605693,30.519599684279328,-0.02668512602967199,86.24081420898438,1,8
24,86.24081420898438,87.14422283270437,83.59375903114375,84.57404778974875,86.00832366943355,85.78197250366193,0.22635116577161796,1.186333814429642,35.89205053659427,0.017824193547806066,85.28798675537062,0,8
25,85.28798675537062,86.17491725654625,84.90630784777437,85.56257782670187,85.4197870890298,85.737488555908,-0.317701466878205,1.1141216118386623,34.10053605595405,-0.01104845150585887,83.84637451171875,0,8
26,83.84637451171875,85.12047426256875,83.01436231529938,85.12047426256875,85.12505849202459,85.439556121826,-0.3144976298014086,1.2560574415437373,31.53578846965401,-0.01690287575654492,82.86061096191375,0,8
27,82.86061096191375,83.8875789688825,82.613478978045,83.14618301727562,83.99832407633437,85.19791793823225,-1.1995938618978812,1.3015223903811408,29.88083737607475,-0.011756782037930846,82.61895751953125,0,8
28,82.61895751953125,83.98367371467687,82.27297011056062,83.43724019975437,83.1086476643879,84.76845855712875,-1.6598108927408504,1.562300167880448,29.472514627273412,-0.0029163849937525743,81.77871704101562,0,8
29,81.77871704101562,83.02810649987374,81.20482434476375,82.9265091374025,82.41942850748687,84.3376251220702,-1.918196614583323,1.343455891769393,28.037848658364766,-0.01017006875591464,83.39056396484375,1,8
30,83.39056396484375,83.75028096793125,81.32838893776687,82.09724397616063,82.59607950846355,84.21378479003894,-1.6177052815753967,0.7864612203184368,34.613332113020164,0.019709858287697335,82.88256072998,0,8
31,82.88256072998,85.10674825858312,82.66838507181374,83.58551650699313,82.6839472452798,84.06907424926743,-1.385127003987634,0.5897320884452247,33.57214215492867,-0.006091855129771284,78.37653350830062,0,8
32,78.37653350830062,81.53707282496126,77.85481045494812,81.33387810678812,81.54988606770813,83.20136795043932,-1.65148188273119,2.0057823028174955,26.078657682594113,-0.05436640931449255,79.91424560546875,1,8
33,79.91424560546875,80.55129558824625,79.45018264485938,79.79617009696375,80.39111328124979,82.71973648071275,-2.3286231994629674,2.095599203759946,31.68269939913891,0.019619547182515573,80.64189910888625,1,8
34,80.64189910888625,81.71829466013875,79.63415131860563,79.91148425059937,79.64422607421854,82.15984497070295,-2.515618896484412,2.0880634144128565,34.223871620074476,0.009105429174791624,79.13715362548812,0,8
35,79.13715362548812,80.7050714604125,78.8213738660525,80.65289513000126,79.89776611328104,81.54476165771469,-1.6469955444336506,1.7267948369235884,31.60573445673009,-0.01865959879449708,77.45939636230437,0,8
36,77.45939636230437,79.219527895895,76.84431501444125,78.80764126905312,79.07948303222626,80.90606384277325,-1.8265808105469858,1.250664059897398,28.946761038412447,-0.021200626839873893,78.20078277587875,1,8
37,78.20078277587875,78.533040629325,77.27267038609313,77.87402210656126,78.26577758789041,80.44008102416976,-2.174303436279345,1.2784470366609644,31.681928286377,0.009571290874855976,80.25473022460938,1,8
38,80.25473022460938,80.56501947269375,78.93944168845876,79.29915196575125,78.63830312093084,80.20365829467757,-1.565355173746724,1.3420956373012005,38.719919533465706,0.026265049732522305,83.84912109375,1,8
39,83.84912109375,84.0248566745225,81.55353736056563,81.66337377451937,80.76821136474604,80.410698699951,0.3575126647950384,2.5037718909090048,48.683026936248396,0.04478727744870592,83.44953155517562,0,8
40,83.44953155517562,84.24873035222812,82.59206200956625,83.84357893900125,82.51779429117833,80.41659545898419,2.101198832194143,2.932845969986021,47.753516366608046,-0.004765578140379145,82.05926513671875,0,8
41,82.05926513671875,84.06835599806813,81.701287217235,83.97123130884812,83.11930592854812,80.33426589965806,2.7850400288900516,2.347749136129147,44.56533827556084,-0.016659966719377528,83.6937179565425,1,8
42,83.6937179565425,84.0183905074325,81.89552266138625,82.36172244529813,83.06750488281229,80.86598434448226,2.20152053833003,1.5208664330870834,48.88587028072305,0.01991795584691869,84.45407104492188,1,8
43,84.45407104492188,86.30221770968562,84.24872442656125,84.63167452893063,83.40235137939437,81.31996688842756,2.0823844909668168,0.8871191070345864,50.806702231692434,0.009084948153147865,84.91750335693312,1,8
44,84.91750335693312,85.28102311752562,82.86123229041063,84.13772816628438,84.35509745279917,81.74752731323225,2.607570139566917,1.0959726872704472,51.990909065335515,0.005487388663179438,83.621574401855,0,8
45,83.621574401855,84.35139837514937,83.39402649940875,84.35139837514937,84.33104960123667,82.19596939086894,2.1350802103677324,1.0882350748914693,48.476649865848415,-0.015261034578830657,83.24973297119125,0,8
46,83.24973297119125,84.37082666525062,82.805734395345,84.37082666525062,83.9296035766598,82.77500305175762,1.154600524902179,0.679541066273097,47.48485297140674,-0.004446716452345401,84.08222198486312,1,8
47,84.08222198486312,84.19044391707,82.2229781323925,82.41722749011312,83.65117645263645,83.36314697265607,0.28802947998038064,0.6594925010082835,49.95355565761716,0.00999990010730678,81.96213531494125,0,8
48,81.96213531494125,82.91395178979313,81.78453182941688,82.47827956611937,83.09803009033187,83.53388748168925,-0.43585739135737356,1.0918493176498996,44.24870177795235,-0.025214446286915937,79.05949401855437,0,8
49,79.05949401855437,80.11953923132438,78.34909360875125,80.11953923132438,81.70128377278625,83.05492477416969,-1.353641001383437,2.0245211300657355,37.871689710705944,-0.03541441770926801,79.950271606445,1,8
50,79.950271606445,80.41369376699124,77.87457690050626,78.25474932772562,80.3239669799802,82.70499877929663,-2.381031799316432,2.1314018613263213,40.6963034393056,0.011267180481594918,78.93183135986312,0,8
51,78.93183135986312,80.27493089975188,78.74590834123875,79.93082799413125,79.31386566162084,82.39225540161105,-3.0783897399902145,2.2002814407471307,38.53895444450992,-0.01273842134764902,77.54434204101562,0,8
52,77.54434204101562,80.12786124692875,77.255745700935,79.80873729737438,78.80881500244125,81.77731781005836,-2.9685028076171136,1.628325424301208,35.757859972894636,-0.01757832416837901,76.99490356445312,0,8
53,76.99490356445312,77.53047141150313,75.87658082821937,77.20302789098938,77.82369232177729,81.0314010620115,-3.20770874023421,1.202219159120081,34.69028642728307,-0.007085474737433262,78.48507690429688,1,8
54,78.48507690429688,78.94017274789563,76.70075622045813,77.14753251042124,77.67477416992188,80.38815841674787,-2.7133842468259957,1.1616927332977331,39.92865490247211,0.019354181521849867,80.4691925048825,1,8
55,80.4691925048825,80.80774006087563,78.96237099698563,79.03174577382374,78.64972432454417,80.07292022705062,-1.4231959025064498,1.345539197268419,46.124805720919376,0.025280163807509748,79.76712036132812,0,8
56,79.76712036132812,81.007540046585,79.64224575996188,79.700523283885,79.57379659016917,79.72465896606431,-0.1508623758951444,1.4617130369874578,44.3804085539104,-0.008724732058318807,80.61070251464812,1,8
57,80.61070251464812,80.91872919375312,79.5312338372075,79.90863528413938,80.28233846028625,79.37750701904281,0.9048314412434451,1.5227226248746566,46.97530098790302,0.010575562330678911,79.98078155517562,0,8
58,79.98078155517562,81.44597801724187,79.30368652624438,80.91872977794813,80.11953481038397,79.17937164306626,0.9401631673177064,0.8438401739671102,45.27663094547386,-0.007814358885633532,81.8400421142575,1,8
59,81.8400421142575,82.36174183395,81.31557146819188,81.47652231866563,80.81050872802707,79.45742645263655,1.3530822753905198,0.8077721500146762,50.918187303563755,0.023246341470159804,82.1480636596675,1,8
60,82.1480636596675,82.59761086711312,80.64124212324188,81.52923928358062,81.32296244303355,79.67720565795881,1.645756785074738,1.0780438746836758,51.8046425845714,0.0037637021860272846,81.21011352539062,0,8
61,81.21011352539062,81.97323606834188,80.86323964223062,81.29058555633125,81.73273976643854,79.90503387451156,1.827705891926982,0.8850848973483214,48.90797123534984,-0.011417799671611495,81.13520050048812,0,8
14,104.12582397460916,105.75632626744915,103.57477246251666,104.12959768462167,103.91131591796834,99.473606363932,4.437709554036331,3.668978137111946,66.90470593480131,-0.008374961915474377,101.71782430013,0,9
15,101.71782430013,104.11073620788834,100.53457633345916,103.50685265668334,103.61629570855,99.93463948567684,3.6816562228731584,2.0893091799130246,55.783011479500395,-0.02312586429151664,104.76180013020833,1,9
16,104.76180013020833,105.49213286109917,102.19715470741833,102.283960026195,103.53514946831582,100.53852945963516,2.996620008680665,1.425540935801405,63.94275171109058,0.02992568756776315,104.86370849609334,1,9
17,104.86370849609334,106.73765509706584,103.98428427572333,104.01448394045583,103.78111097547723,101.1731811523435,2.6079298231337305,1.3707647759335075,64.18106767221745,0.0009727626459106187,106.43004353841083,1,9
18,106.43004353841083,107.60574389359665,105.15620675597584,106.05638634623416,105.35185072157083,102.149973551432,3.201877170138829,1.7127615522164188,67.71325936208406,0.014936864858025256,105.31285603841083,0,9
19,105.31285603841083,107.80013052107167,104.82408067578,107.80013052107167,105.53553602430502,103.050525919596,2.485010104709019,1.7505994753957705,62.94541759200911,-0.010496918566013758,104.94296264648416,0,9
20,104.94296264648416,105.88842676110166,104.09751183120083,104.246603327735,105.56195407443528,103.94352823893192,1.6184258355033592,0.6851154160401955,61.40379344027139,-0.003512328939135001,101.66685994466083,0,9
21,101.66685994466083,105.30341882402,101.01202137634,105.11470335961083,103.97422620985195,104.14300028483032,-0.16877407497837282,1.7775215026505398,49.77594160607822,-0.031217936097910348,99.6759033203125,0,9
22,99.6759033203125,103.03881811905335,99.33999320479167,102.793487029245,102.09524197048582,103.85030212402307,-1.7550601535372579,2.8232061671461826,44.28721463426268,-0.019583142682207733,98.91161092122333,0,9
23,98.91161092122333,100.35905841516666,97.88876572932917,98.59268248922666,100.0847913953989,103.24093933105432,-3.156147935655426,2.942555848731104,42.356344602142464,-0.007667774995056553,95.0486145019525,0,9
24,95.0486145019525,98.02277784027666,94.62211529421167,97.18676112354582,97.87870958116277,102.33321838378866,-4.454508802625895,3.6402283988339965,34.232482869709514,-0.03905503492757245,93.40111287434833,0,9
25,93.40111287434833,95.36187496683,92.77269023602084,94.16919275269667,95.7871127658414,101.50154724121049,-5.714434475369089,3.4135801171566955,31.461055104019565,-0.017333252422846557,92.4443155924475,0,9
26,92.4443155924475,93.78986286013583,91.41203617592834,93.32561665678084,93.63134765624945,100.26979878743442,-6.638451131184979,3.249547162894875,29.94482303154878,-0.01024396018908258,90.56093343098917,0,9
27,90.56093343098917,91.89892327535,89.45128299150417,91.62151565715834,92.13545396592833,98.839521280924,-6.704067314995669,3.1544664998088674,27.169130606573063,-0.02037315273944429,91.58754475911417,1,9
28,91.58754475911417,93.52754123396666,91.16293248949917,91.5649024985225,91.53093126085027,97.35527140299433,-5.824340142144067,1.7207722778766092,30.927562250099143,0.011336138986545619,91.61019897460916,1,9
29,91.61019897460916,93.64077451888834,91.21200266711499,91.88383289608834,91.2528923882375,95.98500569661417,-4.732113308376668,1.0632690060993804,31.012166334114426,0.00024735039632939326,95.45810953776,1,9
30,95.45810953776,95.8638532828275,91.79136092423249,91.90836591149167,92.88528442382778,95.03652038574174,-2.1512359619139545,1.8706324137288057,43.639745856212556,0.042003080510908175,95.8053487141925,1,9
31,95.8053487141925,96.99991769476249,94.669282225985,95.85441693090917,94.29121907552057,94.45036926269492,-0.15915018717434748,2.4386373417474254,44.62478048223759,0.0036376079320443733,93.59737141927083,0,9
32,93.59737141927083,94.82968752010834,93.07651952224667,93.75401034943,94.95360989040778,93.84251607259075,1.1110938178170215,2.0201942334463903,39.85486713992908,-0.023046492962606302,99.05502319335916,1,9
33,99.05502319335916,99.80799812035333,94.43337664219833,94.82967608271417,96.15258110894085,93.85685729980433,2.2957238091365184,2.7705791731347293,53.17737669899139,0.058309882973536675,98.39264933268167,0,9
34,98.39264933268167,100.15336475475334,97.86801374089583,99.321121850945,97.01501464843722,94.19126078287725,2.823753865559965,2.2414425910146067,51.68114207256047,-0.0066869285304644865,98.73043823242166,1,9
35,98.73043823242166,99.56644479469249,98.04540003932418,98.39641497519084,98.7260369194875,94.72419331868458,4.001843600802914,2.350245147498476,52.41642875024602,0.003433070478648048,98.58515421549417,0,9
36,98.58515421549417,100.27227257071917,98.1888446799075,99.45324750610582,98.56941392686583,95.33827718098925,3.231136745876583,2.2906783229583016,52.04955704107184,-0.0014715220506311688,97.64533487955667,0,9
37,97.64533487955667,99.44945795426499,96.1695745239125,99.053148481805,98.3203091091575,96.046717325846,2.2735917833115025,0.5264764004832923,49.62964710751914,-0.009533071621343536,97.19240315755167,0,9
38,97.19240315755167,98.32658274733085,95.87139496704249,97.86989394,97.80763075086752,96.60720316568975,1.2004275851777635,0.6611543278748261,48.460305618576484,-0.004638539286732857,100.57797241210916,1,9
39,100.57797241210916,100.92520366699584,97.91330372882918,98.69835525004167,98.4719034830725,97.50398050943974,0.9679229736327528,1.3045961184694121,56.67708282141021,0.03483368189867053,99.3645324707025,0,9
40,99.3645324707025,101.10637939293417,98.72478871014415,99.69478205481165,99.04496934678777,97.894622802734,1.150346544053761,1.3567531563338142,53.39156668639916,-0.012064668955889313,99.39661661783833,1,9
41,99.39661661783833,100.21564155687251,98.74365490282999,99.42680630098415,99.77970716688333,98.25374959309859,1.525957573784737,1.3916893947983635,53.468373764334856,0.0003228933537757772,102.82369995117166,1,9
42,102.82369995117166,103.13130728061917,99.41549020845001,99.41549020845001,100.5282830132375,99.17638244628867,1.351900566948828,2.053939932113366,60.883457328384374,0.03447887312412079,104.9071044921875,1,9
43,104.9071044921875,106.33568338664416,103.49173358312,103.56722775206917,102.37580702039918,99.7615905761715,2.6142164442276794,2.4061446307608847,64.5788770253047,0.020261909871023942,104.4560852050775,0,9
44,104.4560852050775,106.20925323621167,103.86162597796583,104.92599202111501,104.0622965494789,100.36793416341109,3.6943623860678088,2.6788818243715133,63.187199525943555,-0.004299225388911476,104.65235392252583,1,9
45,104.65235392252583,105.34493964285501,103.87107601867832,104.54478320242083,104.67184787326362,100.9601257324215,3.711722140842113,2.302036521140419,63.555263730074046,0.0018789591536290118,102.814259847005,0,9
46,102.814259847005,104.963727337355,102.52174737647583,104.65234631497333,103.97423299153611,101.38303629557258,2.591196695963532,1.0273835035295633,57.73350766906718,-0.017563810144983205,105.63367716471333,1,9
47,105.63367716471333,105.794079831935,102.28396990571167,102.28396990571167,104.36676364474806,102.18187052408824,2.1848931206598223,1.0389359146308155,63.28847173610343,0.027422434610761437,102.44437662760417,0,9
48,102.44437662760417,105.29964776587501,101.96314868706416,104.62027008022,103.63077121310751,102.7070678710935,0.9237033420140079,1.3349554399743884,54.554073359203315,-0.03019208099833659,100.506256103515,0,9
49,100.506256103515,100.87991332857416,98.74742754516335,100.01937758452168,102.86143663194416,102.69989624023408,0.1615403917100764,2.0004759521660263,50.03497214859823,-0.0189187595053113,99.19278971354167,0,9
50,99.19278971354167,100.84405745131666,98.63985132752167,100.02125885671501,100.71447414822028,102.68272196451801,-1.9682478162977333,2.4548858752657936,47.18245486397203,-0.013068503801599629,97.99257405598917,0,9
51,97.99257405598917,99.54004501688082,97.54343260210334,98.79461735818,99.23053995768196,102.54231770833307,-3.3117777506511175,2.9997129555354856,44.67603265941563,-0.012099827628788362,96.6224873860675,0,9
52,96.6224873860675,100.36094642232833,96.39602483568666,99.00030423162333,97.93595038519943,101.92219645182267,-3.986246066623238,2.2482618743105154,41.9373120878925,-0.01398153567370164,97.754791259765,1,9
53,97.754791259765,99.07013909292418,96.47530366171667,96.62249834614416,97.45661756727388,101.20696512858042,-3.7503475613065405,1.4837218584800942,44.94130348900703,0.011718844177269316,95.98274739583333,0,9
54,95.98274739583333,98.77762921990167,95.15427818956915,98.32093039108001,96.78667534722194,100.359631347656,-3.5729560004340613,1.249475550623646,41.3368831343625,-0.018127437449309225,97.53209431966083,1,9
55,97.53209431966083,97.88309926754499,95.4260246989175,96.6224804564525,97.08987765841971,99.64760538736951,-2.5577277289498,0.8454021616084354,45.455925295423974,0.016141931397712472,94.56925455729167,0,9
56,94.56925455729167,96.55831923877167,94.39563394337416,96.55077181860501,96.0280320909286,98.82310485839817,-2.795072767469563,1.2893557297808664,39.713291061763435,-0.030378100491295412,93.03500366210916,0,9
57,93.03500366210916,95.30148623990668,92.28202860433917,94.92594213866249,95.0454508463539,97.56323750813775,-2.5177866617838447,2.000719534272319,37.0995520326681,-0.016223569725327902,94.3597920735675,1,9
58,94.3597920735675,94.77307326454667,93.15011821725334,93.60304333434834,93.98801676432278,96.75477905273408,-2.7667622884113,1.7166861252077632,40.72713286127102,0.014239677103359938,94.080474853515,0,9
59,94.080474853515,96.05444460273917,93.66152317024584,96.05444460273917,93.82509019639723,96.1122009277341,-2.287110731336867,1.6814015093996832,40.20071213507646,-0.002960129668733602,95.40338134765584,1,9
60,95.40338134765584,95.63927817881167,93.68229987120583,93.68229987120583,94.6145494249128,95.7332600911455,-1.118710666232701,0.8575237292897622,43.899280850315925,0.01406143512987823,97.38300577799417,1,9
61,97.38300577799417,98.01898575120917,94.395635011875,94.62964497313584,95.62228732638833,95.672303263346,-0.0500159369576636,1.6468915018592771,48.98416453201026,0.02075004472980324,97.9680480957025,1,9
14,103.33968098958333,103.90517652873166,101.85088746921251,103.43427497882875,103.04219902886278,102.28333638509103,0.7588626437717494,1.1091416875829976,51.551288759434364,-0.0032923999885776656,100.92141723632791,0,10
15,100.92141723632791,102.3649771782875,100.63970365705832,101.6246920882075,102.64737955729152,102.26503397623688,0.38234558105463634,1.31424222317884,41.08584877360772,-0.023401114945373003,104.7996826171875,1,10
16,104.7996826171875,104.96213204701917,101.13116101315,101.172287959475,103.02026028103292,102.42234395345042,0.5979163275824959,1.4944382053763046,56.37991620619688,0.03842856637434888,102.50274658203125,0,10
17,102.50274658203125,104.37196424592084,102.3341220892621,103.99564667032875,102.74128214518221,102.43262532552076,0.30865681966145075,1.4468812463995944,48.37082987639095,-0.02191739495573186,103.36023966471333,1,10
18,103.36023966471333,104.09230131864625,101.8714462134675,104.04705766131126,103.55422295464403,102.53544209798164,1.0187808566623886,1.418680574435472,51.160155575979445,0.008365562009558847,101.0982666015625,0,10
19,101.0982666015625,104.13343752330833,100.76102761931499,103.68104107277249,102.32041761610236,102.52248840332022,-0.2020707872178633,1.6185402006699467,44.352960663714015,-0.021884363566574194,98.15151977539041,0,10
20,98.15151977539041,100.22637229421584,97.56751912183584,100.14411839820083,100.87000868055542,102.08284200032541,-1.2128333197699988,2.5280238909217454,37.37595999175546,-0.02914735262262691,94.17864990234375,0,10
21,94.17864990234375,98.9925610378225,93.563804055275,96.89508674911083,97.80947875976555,101.41391194661449,-3.6044331868489365,3.740512006371055,30.426587437948257,-0.04047690633968948,93.02914428710916,0,10
22,93.02914428710916,94.96211059192541,92.62403988564792,94.96211059192541,95.11977132161444,100.50623881022125,-5.386467488606812,4.406241840657882,28.760342902119973,-0.012205586047650319,90.83915201822917,0,10
23,90.83915201822917,92.1243692227879,90.29216156781666,92.1243692227879,92.68231540256069,99.22204996744783,-6.539734564887141,4.121209788299571,25.85530787073057,-0.02354092672422281,89.78836059570291,0,10
24,89.78836059570291,91.02834423673374,89.28661378388084,90.27366064284625,91.21888563368043,97.86691792805979,-6.648032294379362,3.2679254620571268,24.572770413323056,-0.011567604927833264,87.90267944335916,0,10
25,87.90267944335916,89.90350129063751,87.39475765901416,89.65673962195332,89.51006401909707,96.56504414876292,-7.05498012966585,2.5099628358491346,22.423187878908948,-0.02100139862041306,86.97115071614583,0,10
26,86.97115071614583,87.92941056629667,86.19179709743501,87.4852375412525,88.22073025173597,94.78219095865875,-6.561460706922773,2.401326211963012,21.426050927837863,-0.01059727340636496,84.2506103515625,0,10
27,84.2506103515625,86.52698087237458,83.71596003379375,86.44884368838875,86.37481350368917,92.95697733561187,-6.582163831922699,2.5677148024985263,18.797049912536735,-0.03128095169698919,86.02523803710916,1,10
28,86.02523803710916,88.5874489924425,84.5631729780375,84.5631729780375,85.74899970160584,91.22347717285146,-5.474477471245621,2.067556151837622,25.24095490228214,0.021063677499088218,86.76141357421875,1,10
29,86.76141357421875,88.50519215426293,86.23086992021416,87.1068759213425,85.67908732096346,89.78979187011709,-4.110704549153624,1.3668961088152867,27.80054290391405,0.0085576692829612,89.50663248697917,1,10
30,89.50663248697917,89.86237655176167,86.81898256328083,88.21729872015042,87.43109469943569,88.92530314127596,-1.4942084418402715,1.8979757861972588,36.52766548190416,0.03164101182390322,89.11181640625,0,10
31,89.11181640625,90.244865855035,88.87533645040084,89.94463712032707,88.45995415581598,88.41861979166659,0.0413343641493924,2.1922141443595597,35.85638172159477,-0.004411025973819371,86.85806274414041,0,10
32,86.85806274414041,88.67382366753499,84.5200015884225,87.39477146647458,88.49217054578986,87.80151163736971,0.6906589084201471,1.5524624498214787,32.216713817269564,-0.025291299773702258,87.89034016927083,1,10
33,87.89034016927083,88.65118865479083,87.56748963343584,88.00754593853082,87.95340643988709,87.50663045247387,0.44677598741321844,1.2602508757552568,35.44873870740061,0.01188464711872772,88.47640991210916,1,10
34,88.47640991210916,90.4792903773096,87.92941946667624,88.83421237044958,87.74160427517347,87.3754353841145,0.366168891058976,1.0451754396293669,37.27731985643068,0.006668192906178261,88.02195231119792,0,10
35,88.02195231119792,89.03984429563958,87.24465699392749,88.49079551197042,88.12956746419263,87.38736267089837,0.7422047932942633,0.8297460243552868,36.41587204017153,-0.00513648328817462,86.91768391927083,0,10
36,86.91768391927083,89.69786949346417,86.61334853426666,88.83420362488874,87.80534871419263,87.38201599121088,0.4233327229817547,0.714327118362365,34.33932397261188,-0.012545374908556894,88.09186808268208,1,10
37,88.09186808268208,88.45790396021916,85.35898427765625,87.68265694047834,87.67716810438361,87.76614176432282,-0.08897365993921369,0.5802805087366472,38.364009173080944,0.013509151538159125,88.39002482096333,1,10
38,88.39002482096333,88.8321394628825,87.32894767220542,88.62856310103416,87.79985894097207,88.00262044270825,-0.2027615017361768,0.623965588965795,39.38010539693836,0.0033846113695921165,92.77827962239583,1,10
39,92.77827962239583,92.94690412849,88.99871705046542,88.99871705046542,89.75339084201376,88.60430704752596,1.1490837944877939,2.271383198609763,51.93839781241189,0.049646493598356045,91.1373291015625,0,10
40,91.1373291015625,94.59199320108,89.51693114737833,92.73716357896335,90.76854451497388,88.76737670898429,2.0011678059895956,2.4137299625508115,47.939016040773154,-0.017686796171603292,90.38059488932292,0,10
41,90.38059488932292,94.79350886284625,89.65675650854625,92.74127794806041,91.43206787109375,88.89425455729159,2.537813313802161,1.9537853175522544,46.17327285067764,-0.00830323007816347,91.34089152018208,1,10
42,91.34089152018208,91.52185611260334,89.51691743343167,89.51691743343167,90.95293850368917,89.34253743489575,1.610401068793422,1.604967190926543,48.75288585652664,0.010625031092516224,90.66023763020833,0,10
43,90.66023763020833,92.32793733331833,90.38674744992791,91.78094693199876,90.79390801323778,89.6195271809895,1.1743808322482892,0.9300311050198042,47.03236855837116,-0.007451798188584102,90.41965738932292,0,10
44,90.41965738932292,90.84737365045834,89.07891481104583,90.66024402092667,90.80692884657111,89.81385192871087,0.9930769178602361,0.4317690204042262,46.40895136096086,-0.0026536467052590273,86.39949544270833,0,10
45,86.39949544270833,89.63412592689376,85.87306849359959,89.391480946975,89.15979682074652,89.65160624186191,-0.4918094211153914,1.9615543647632805,37.470875360382266,-0.04446114996106265,87.55311075846333,1,10
46,87.55311075846333,87.7237835831675,86.22470827692375,86.61541429850833,88.12408786349819,89.71514892578116,-1.591061062282975,2.1639350791270258,40.98339421667799,0.013352107090949028,87.99932861328125,1,10
47,87.99932861328125,88.58744597773834,86.48997163007584,86.61335247405583,87.31731160481763,89.70589497884109,-2.3885833740234546,1.8610838901905513,42.33277943805763,0.0050965391286772466,88.10420735677083,1,10
48,88.10420735677083,89.08097240507168,86.69560933974667,86.69560933974667,87.88554890950513,89.67731323242182,-1.7917643229166913,1.4647226096960957,42.66460492883112,0.0011918129961021595,86.46529134114583,0,10
49,86.46529134114583,87.3721425514625,85.38776731316459,86.69560626593541,87.52294243706596,89.04601440429684,-1.5230719672308766,0.8227135227201793,38.89790642336572,-0.018602017597052378,86.4488525390625,0,10
50,86.4488525390625,87.06164010355376,85.24177248944666,86.3665986356,87.00611707899304,88.57716674804684,-1.5710496690537923,0.8093304827846414,38.860846583392494,-0.0001901202416408898,86.57428995768208,1,10
51,86.57428995768208,87.49758799678166,85.95532733878917,86.53110465110625,86.49614461263013,88.19653625488274,-1.7003916422526117,0.8542177455204099,39.33580042947917,0.0014510015452535718,84.76057942708333,0,10
52,84.76057942708333,88.21730133122041,83.98328414494375,87.45233610057625,85.92790730794263,87.53850504557288,-1.6105977376302434,1.183648605731331,35.091034825182305,-0.020949759235511012,79.64027404785125,0,10
53,79.64027404785125,84.37809630660625,78.57509014303584,83.94009833990167,83.65838114420556,86.43650868733717,-2.7781275431316033,2.9690861061707396,26.4224022764773,-0.06040904172483752,80.678736368815,1,10
54,80.678736368815,81.16197803468084,78.36534541520084,79.70402965517751,81.69319661458319,85.46241658528638,-3.7692199707031904,3.260383649990694,30.189070781067485,0.013039411696898373,85.46592203776042,1,10
55,85.46592203776042,86.10955481325459,80.87615022818625,81.42725238306708,81.92831081814222,85.36905924479159,-3.440748426649364,3.0713706821418674,44.33595425849208,0.05933639871429408,83.53705342610667,0,10
56,83.53705342610667,85.17184958281791,82.54178330866291,85.13278099099792,83.22723727756069,84.96745351155592,-1.740216233995227,2.5483584831180446,40.75252422340748,-0.022568862134331735,83.95655314127583,1,10
57,83.95655314127583,84.21976661408792,82.13668568165458,83.89897440966375,84.31984286838097,84.56317596435537,-0.24333309597439268,2.416998631050776,41.85325717806478,0.0050217202781785986,84.12928263346333,1,10
58,84.12928263346333,85.39598960169917,83.65015269197208,84.45624487766125,83.87429640028193,84.16568349202463,-0.29138709174269195,1.7618081585918914,42.328366854981695,0.002057367599368254,83.91131591796875,0,10
59,83.91131591796875,85.6941631297975,83.28207159112833,85.62630768036,83.99905056423597,83.91028594970692,0.0887646145290546,0.7398754254028034,41.86351714567608,-0.0025908543217255664,80.93989054361958,0,10
60,80.93989054361958,83.15868733960833,80.608816610105,83.07643344510834,82.99349636501722,83.35938975016262,-0.36589338514539804,1.3340404445731298,36.05107547787555,-0.035411497744285314,79.62793477376292,0,10
61,79.62793477376292,80.37438982216375,79.08711444831667,80.19754195227125,81.49304707845043,82.66475423177071,-1.171707153320284,2.0886465324855457,33.818451125184495,-0.016209013393088778,79.83768717447917,1,10
